Workbook

Sheet How to use
A1: GOOOAL — Test League Scorer / حاسبة نقاط الدوري التجريبي
A3: Yellow cells = you type here. White/grey cells = formulas (don't edit). Green rows = EXAMPLE data: delete them before week 1.
A4: الخلايا الصفراء = للإدخال. الخلايا الأخرى معادلات (لا تعدّلها). الصفوف الخضراء = أمثلة، احذفها قبل الأسبوع الأول.
A6: Weekly steps:
A7: 1. Clubs: check the club list (edit freely).
A8: 2. Players: add each new player once (name exactly as they type it in the form + primary club).
A9: 3. Matches: add this week's matches (Week, Match # 1–10, teams, kick-off). After each match, type the 90-minute score. If a match is postponed/cancelled, set Status = Void.
A10: 4. Predictions: paste the Google Form responses: Week, Player name, Timestamp, then home/away goals for matches 1–10 in order.
A11: 5. Leaderboard: choose the week in cell B2 (yellow). Screenshot the Week and Season tables and post them in the group.
A12: 6. Club vs Club: same week selection. Post the table: this is the key feature we're testing.
A13: 7. Tracking: type invites/feedback notes each week. Participation and retention calculate automatically.
A15: Scoring rules (approved D-019):
... A22: Limits: 200 players, 200 matches, 2,000 prediction rows (one row = one player's picks for one week).

Sheet Clubs
A1: Club / النادي | B1: League / الدوري | D1: Edit or add clubs in rows 2–61. This list feeds the Players drop-down.
A2: Al Hilal | B2: Saudi Pro League
A3: Al Nassr | B3: Saudi Pro League
A4: Al Ittihad | B4: Saudi Pro League
A5: Al Ahli | B5: Saudi Pro League
A6: Al Shabab | B6: Saudi Pro League
A7: Al Ettifaq | B7: Saudi Pro League
A8: Al Taawoun | B8: Saudi Pro League
A9: Al Fateh | B9: Saudi Pro League
A10: Al Qadsiah | B10: Saudi Pro League
A11: Al Ain | B11: UAE Pro League
A12: Al Wahda | B12: UAE Pro League
A13: Al Jazira | B13: UAE Pro League
... A28: Paris Saint-Germain | B28: Ligue 1

Sheet Players
A1: Player name (exactly as in form) / اسم اللاعب | B1: Primary club / النادي المفضل | C1: Country | D1: Joined in week | E1: Invited by (player name)
A2: Example – Faisal | B2: Al Hilal | C2: KSA | D2: 1
A3: Example – Khalid | B3: Al Nassr | C3: KSA | D3: 1 | E3: Example – Faisal
A4: Example – Omar | B4: Al Ain | C4: UAE | D4: 1

Sheet Matches
A1: Week | B1: Match # (1–10) | C1: Home team | D1: Away team | E1: Competition | F1: Kick-off (date & time) | G1: Home goals (90') | H1: Away goals (90') | I1: Status (blank = normal, Void) | J1: Key (auto)
A2: 1 | B2: 1 | C2: Al Hilal | D2: Al Nassr | E2: Saudi Pro League | F2: 46297.875 | G2: 2 | H2: 1 | J2: =IF(OR(A2="",B2=""),"",A2&"-"&B2) -> 1-1
A3: 1 | B3: 2 | C3: Real Madrid | D3: Barcelona | E3: La Liga | F3: 46298.917 | G3: 1 | H3: 1 | J3: =IF(OR(A3="",B3=""),"",A3&"-"&B3) -> 1-2
A4: 1 | B4: 3 | C4: Al Ain | D4: Al Wahda | E4: UAE Pro League | F4: 46299.792 | G4: 0 | H4: 2 | J4: =IF(OR(A4="",B4=""),"",A4&"-"&B4) -> 1-3
J5: =IF(OR(A5="",B5=""),"",A5&"-"&B5)
J6: =IF(OR(A6="",B6=""),"",A6&"-"&B6)
J7: =IF(OR(A7="",B7=""),"",A7&"-"&B7)
J8: =IF(OR(A8="",B8=""),"",A8&"-"&B8)
J9: =IF(OR(A9="",B9=""),"",A9&"-"&B9)
J10: =IF(OR(A10="",B10=""),"",A10&"-"&B10)
J11: =IF(OR(A11="",B11=""),"",A11&"-"&B11)
J12: =IF(OR(A12="",B12=""),"",A12&"-"&B12)
J13: =IF(OR(A13="",B13=""),"",A13&"-"&B13)
J14: =IF(OR(A14="",B14=""),"",A14&"-"&B14)
J15: =IF(OR(A15="",B15=""),"",A15&"-"&B15)
J16: =IF(OR(A16="",B16=""),"",A16&"-"&B16)
... J201: =IF(OR(A201="",B201=""),"",A201&"-"&B201)

Sheet Predictions
A1: Week | B1: Player name | C1: Form timestamp | D1: M1 home | E1: M1 away | F1: M2 home | G1: M2 away | H1: M3 home | I1: M3 away | J1: M4 home | K1: M4 away | L1: M5 home | M1: M5 away | N1: M6 home | O1: M6 away | P1: M7 home | Q1: M7 away | R1: M8 home | S1: M8 away | T1: M9 home | U1: M9 away | V1: M10 home | W1: M10 away | X1: Pts M1 | Y1: Pts M2 | Z1: Pts M3 | AA1: Pts M4 | AB1: Pts M5 | AC1: Pts M6 | AD1: Pts M7 | AE1: Pts M8 | AF1: Pts M9 | AG1: Pts M10 | AH1: Week points | AI1: Exact scores | AJ1: Correct results | AK1: Settled picks
A2: 1 | B2: Example – Faisal | C2: 46296.753 | D2: 2 | E2: 1 | F2: 2 | G2: 1 | H2: 1 | I2: 1 | X2: =IF(OR($B2="",D2="",E2=""),"",IFERROR(IF(OR(INDEX(Matches!$I$2:$I$201,MATCH($A2&"-1",Matches!$J$2:$J$201,0))="Void",INDEX(Matches!$G$2:$G$201,MATCH($A2&"-1",Matches!$J$2:$J$201,0))="",INDEX(Matches!$H$2:$H$201,MATCH($A2&"-1",Matches!$J$2:$J$201,0))=""),"",IF(AND($C2<>"",INDEX(Matches!$F$2:$F$201,MATCH($A2&"-1",Matches!$J$2:$J$201,0))<>"",$C2>=INDEX(Matches!$F$2:$F$201,MATCH($A2&"-1",Matches!$J$2:$J$201,0))),"",IF(AND(D2=INDEX(Matches!$G$2:$G$201,MATCH($A2&"-1",Matches!$J$2:$J$201,0)),E2=INDEX(Matches!$H$2:$H$201,MATCH($A2&"-1",Matches!$J$2:$J$201,0))),5,IF(SIGN(D2-E2)<>SIGN(INDEX(Matches!$G$2:$G$201,MATCH($A2&"-1",Matches!$J$2:$J$201,0))-INDEX(Matches!$H$2:$H$201,MATCH($A2&"-1",Matches!$J$2:$J$201,0))),0,IF(D2-E2=INDEX(Matches!$G$2:$G$201,MATCH($A2&"-1",Matches!$J$2:$J$201,0))-INDEX(Matches!$H$2:$H$201,MATCH($A2&"-1",Matches!$J$2:$J$201,0)),3,2))))),"")) -> 5 | Y2: =IF(OR($B2="",F2="",G2=""),"",IFERROR(IF(OR(INDEX(Matches!$I$2:$I$201,MATCH($A2&"-2",Matches!$J$2:$J$201,0))="Void",INDEX(Matches!$G$2:$G$201,MATCH($A2&"-2",Matches!$J$2:$J$201,0))="",INDEX(Matches!$H$2:$H$201,MATCH($A2&"-2",Matches!$J$2:$J$201,0))=""),"",IF(AND($C2<>"",INDEX(Matches!$F$2:$F$201,MATCH($A2&"-2",Matches!$J$2:$J$201,0))<>"",$C2>=INDEX(Matches!$F$2:$F$201,MATCH($A2&"-2",Matches!$J$2:$J$201,0))),"",IF(AND(F2=INDEX(Matches!$G$2:$G$201,MATCH($A2&"-2",Matches!$J$2:$J$201,0)),G2=INDEX(Matches!$H$2:$H$201,MATCH($A2&"-2",Matches!$J$2:$J$201,0))),5,IF(SIGN(F2-G2)<>SIGN(INDEX(Matches!$G$2:$G$201,MATCH($A2&"-2",Matches!$J$2:$J$201,0))-INDEX(Matches!$H$2:$H$201,MATCH($A2&"-2",Matches!$J$2:$J$201,0))),0,IF(F2-G2=INDEX(Matches!$G$2:$G$201,MATCH($A2&"-2",Matches!$J$2:$J$201,0))-INDEX(Matches!$H$2:$H$201,MATCH($A2&"-2",Matches!$J$2:$J$201,0)),3,2))))),"")) -> 0 | Z2: =IF(OR($B2="",H2="",I2=""),"",IFERROR(IF(OR(INDEX(Matches!$I$2:$I$201,MATCH($A2&"-3",Matches!$J$2:$J$201,0))="Void",INDEX(Matches!$G$2:$G$201,MATCH($A2&"-3",Matches!$J$2:$J$201,0))="",INDEX(Matches!$H$2:$H$201,MATCH($A2&"-3",Matches!$J$2:$J$201,0))=""),"",IF(AND($C2<>"",INDEX(Matches!$F$2:$F$201,MATCH($A2&"-3",Matches!$J$2:$J$201,0))<>"",$C2>=INDEX(Matches!$F$2:$F$201,MATCH($A2&"-3",Matches!$J$2:$J$201,0))),"",IF(AND(H2=INDEX(Matches!$G$2:$G$201,MATCH($A2&"-3",Matches!$J$2:$J$201,0)),I2=INDEX(Matches!$H$2:$H$201,MATCH($A2&"-3",Matches!$J$2:$J$201,0))),5,IF(SIGN(H2-I2)<>SIGN(INDEX(Matches!$G$2:$G$201,MATCH($A2&"-3",Matches!$J$2:$J$201,0))-INDEX(Matches!$H$2:$H$201,MATCH($A2&"-3",Matches!$J$2:$J$201,0))),0,IF(H2-I2=INDEX(Matches!$G$2:$G$201,MATCH($A2&"-3",Matches!$J$2:$J$201,0))-INDEX(Matches!$H$2:$H$201,MATCH($A2&"-3",Matches!$J$2:$J$201,0)),3,2))))),"")) -> 0 | AA2: =IF(OR($B2="",J2="",K2=""),"",IFERROR(IF(OR(INDEX(Matches!$I$2:$I$201,MATCH($A2&"-4",Matches!$J$2:$J$201,0))="Void",INDEX(Matches!$G$2:$G$201,MATCH($A2&"-4",Matches!$J$2:$J$201,0))="",INDEX(Matches!$H$2:$H$201,MATCH($A2&"-4",Matches!$J$2:$J$201,0))=""),"",IF(AND($C2<>"",INDEX(Matches!$F$2:$F$201,MATCH($A2&"-4",Matches!$J$2:$J$201,0))<>"",$C2>=INDEX(Matches!$F$2:$F$201,MATCH($A2&"-4",Matches!$J$2:$J$201,0))),"",IF(AND(J2=INDEX(Matches!$G$2:$G$201,MATCH($A2&"-4",Matches!$J$2:$J$201,0)),K2=INDEX(Matches!$H$2:$H$201,MATCH($A2&"-4",Matches!$J$2:$J$201,0))),5,IF(SIGN(J2-K2)<>SIGN(INDEX(Matches!$G$2:$G$201,MATCH($A2&"-4",Matches!$J$2:$J$201,0))-INDEX(Matches!$H$2:$H$201,MATCH($A2&"-4",Matches!$J$2:$J$201,0))),0,IF(J2-K2=INDEX(Matches!$G$2:$G$201,MATCH($A2&"-4",Matches!$J$2:$J$201,0))-INDEX(Matches!$H$2:$H$201,MATCH($A2&"-4",Matches!$J$2:$J$201,0)),3,2))))),"")) | AB2: =IF(OR($B2="",L2="",M2=""),"",IFERROR(IF(OR(INDEX(Matches!$I$2:$I$201,MATCH($A2&"-5",Matches!$J$2:$J$201,0))="Void",INDEX(Matches!$G$2:$G$201,MATCH($A2&"-5",Matches!$J$2:$J$201,0))="",INDEX(Matches!$H$2:$H$201,MATCH($A2&"-5",Matches!$J$2:$J$201,0))=""),"",IF(AND($C2<>"",INDEX(Matches!$F$2:$F$201,MATCH($A2&"-5",Matches!$J$2:$J$201,0))<>"",$C2>=INDEX(Matches!$F$2:$F$201,MATCH($A2&"-5",Matches!$J$2:$J$201,0))),"",IF(AND(L2=INDEX(Matches!$G$2:$G$201,MATCH($A2&"-5",Matches!$J$2:$J$201,0)),M2=INDEX(Matches!$H$2:$H$201,MATCH($A2&"-5",Matches!$J$2:$J$201,0))),5,IF(SIGN(L2-M2)<>SIGN(INDEX(Matches!$G$2:$G$201,MATCH($A2&"-5",Matches!$J$2:$J$201,0))-INDEX(Matches!$H$2:$H$201,MATCH($A2&"-5",Matches!$J$2:$J$201,0))),0,IF(L2-M2=INDEX(Matches!$G$2:$G$201,MATCH($A2&"-5",Matches!$J$2:$J$201,0))-INDEX(Matches!$H$2:$H$201,MATCH($A2&"-5",Matches!$J$2:$J$201,0)),3,2))))),"")) | AC2: =IF(OR($B2="",N2="",O2=""),"",IFERROR(IF(OR(INDEX(Matches!$I$2:$I$201,MATCH($A2&"-6",Matches!$J$2:$J$201,0))="Void",INDEX(Matches!$G$2:$G$201,MATCH($A2&"-6",Matches!$J$2:$J$201,0))="",INDEX(Matches!$H$2:$H$201,MATCH($A2&"-6",Matches!$J$2:$J$201,0))=""),"",IF(AND($C2<>"",INDEX(Matches!$F$2:$F$201,MATCH($A2&"-6",Matches!$J$2:$J$201,0))<>"",$C2>=INDEX(Matches!$F$2:$F$201,MATCH($A2&"-6",Matches!$J$2:$J$201,0))),"",IF(AND(N2=INDEX(Matches!$G$2:$G$201,MATCH($A2&"-6",Matches!$J$2:$J$201,0)),O2=INDEX(Matches!$H$2:$H$201,MATCH($A2&"-6",Matches!$J$2:$J$201,0))),5,IF(SIGN(N2-O2)<>SIGN(INDEX(Matches!$G$2:$G$201,MATCH($A2&"-6",Matches!$J$2:$J$201,0))-INDEX(Matches!$H$2:$H$201,MATCH($A2&"-6",Matches!$J$2:$J$201,0))),0,IF(N2-O2=INDEX(Matches!$G$2:$G$201,MATCH($A2&"-6",Matches!$J$2:$J$201,0))-INDEX(Matches!$H$2:$H$201,MATCH($A2&"-6",Matches!$J$2:$J$201,0)),3,2))))),"")) | AD2: =IF(OR($B2="",P2="",Q2=""),"",IFERROR(IF(OR(INDEX(Matches!$I$2:$I$201,MATCH($A2&"-7",Matches!$J$2:$J$201,0))="Void",INDEX(Matches!$G$2:$G$201,MATCH($A2&"-7",Matches!$J$2:$J$201,0))="",INDEX(Matches!$H$2:$H$201,MATCH($A2&"-7",Matches!$J$2:$J$201,0))=""),"",IF(AND($C2<>"",INDEX(Matches!$F$2:$F$201,MATCH($A2&"-7",Matches!$J$2:$J$201,0))<>"",$C2>=INDEX(Matches!$F$2:$F$201,MATCH($A2&"-7",Matches!$J$2:$J$201,0))),"",IF(AND(P2=INDEX(Matches!$G$2:$G$201,MATCH($A2&"-7",Matches!$J$2:$J$201,0)),Q2=INDEX(Matches!$H$2:$H$201,MATCH($A2&"-7",Matches!$J$2:$J$201,0))),5,IF(SIGN(P2-Q2)<>SIGN(INDEX(Matches!$G$2:$G$201,MATCH($A2&"-7",Matches!$J$2:$J$201,0))-INDEX(Matches!$H$2:$H$201,MATCH($A2&"-7",Matches!$J$2:$J$201,0))),0,IF(P2-Q2=INDEX(Matches!$G$2:$G$201,MATCH($A2&"-7",Matches!$J$2:$J$201,0))-INDEX(Matches!$H$2:$H$201,MATCH($A2&"-7",Matches!$J$2:$J$201,0)),3,2))))),"")) | AE2: =IF(OR($B2="",R2="",S2=""),"",IFERROR(IF(OR(INDEX(Matches!$I$2:$I$201,MATCH($A2&"-8",Matches!$J$2:$J$201,0))="Void",INDEX(Matches!$G$2:$G$201,MATCH($A2&"-8",Matches!$J$2:$J$201,0))="",INDEX(Matches!$H$2:$H$201,MATCH($A2&"-8",Matches!$J$2:$J$201,0))=""),"",IF(AND($C2<>"",INDEX(Matches!$F$2:$F$201,MATCH($A2&"-8",Matches!$J$2:$J$201,0))<>"",$C2>=INDEX(Matches!$F$2:$F$201,MATCH($A2&"-8",Matches!$J$2:$J$201,0))),"",IF(AND(R2=INDEX(Matches!$G$2:$G$201,MATCH($A2&"-8",Matches!$J$2:$J$201,0)),S2=INDEX(Matches!$H$2:$H$201,MATCH($A2&"-8",Matches!$J$2:$J$201,0))),5,IF(SIGN(R2-S2)<>SIGN(INDEX(Matches!$G$2:$G$201,MATCH($A2&"-8",Matches!$J$2:$J$201,0))-INDEX(Matches!$H$2:$H$201,MATCH($A2&"-8",Matches!$J$2:$J$201,0))),0,IF(R2-S2=INDEX(Matches!$G$2:$G$201,MATCH($A2&"-8",Matches!$J$2:$J$201,0))-INDEX(Matches!$H$2:$H$201,MATCH($A2&"-8",Matches!$J$2:$J$201,0)),3,2))))),"")) | AF2: =IF(OR($B2="",T2="",U2=""),"",IFERROR(IF(OR(INDEX(Matches!$I$2:$I$201,MATCH($A2&"-9",Matches!$J$2:$J$201,0))="Void",INDEX(Matches!$G$2:$G$201,MATCH($A2&"-9",Matches!$J$2:$J$201,0))="",INDEX(Matches!$H$2:$H$201,MATCH($A2&"-9",Matches!$J$2:$J$201,0))=""),"",IF(AND($C2<>"",INDEX(Matches!$F$2:$F$201,MATCH($A2&"-9",Matches!$J$2:$J$201,0))<>"",$C2>=INDEX(Matches!$F$2:$F$201,MATCH($A2&"-9",Matches!$J$2:$J$201,0))),"",IF(AND(T2=INDEX(Matches!$G$2:$G$201,MATCH($A2&"-9",Matches!$J$2:$J$201,0)),U2=INDEX(Matches!$H$2:$H$201,MATCH($A2&"-9",Matches!$J$2:$J$201,0))),5,IF(SIGN(T2-U2)<>SIGN(INDEX(Matches!$G$2:$G$201,MATCH($A2&"-9",Matches!$J$2:$J$201,0))-INDEX(Matches!$H$2:$H$201,MATCH($A2&"-9",Matches!$J$2:$J$201,0))),0,IF(T2-U2=INDEX(Matches!$G$2:$G$201,MATCH($A2&"-9",Matches!$J$2:$J$201,0))-INDEX(Matches!$H$2:$H$201,MATCH($A2&"-9",Matches!$J$2:$J$201,0)),3,2))))),"")) | AG2: =IF(OR($B2="",V2="",W2=""),"",IFERROR(IF(OR(INDEX(Matches!$I$2:$I$201,MATCH($A2&"-10",Matches!$J$2:$J$201,0))="Void",INDEX(Matches!$G$2:$G$201,MATCH($A2&"-10",Matches!$J$2:$J$201,0))="",INDEX(Matches!$H$2:$H$201,MATCH($A2&"-10",Matches!$J$2:$J$201,0))=""),"",IF(AND($C2<>"",INDEX(Matches!$F$2:$F$201,MATCH($A2&"-10",Matches!$J$2:$J$201,0))<>"",$C2>=INDEX(Matches!$F$2:$F$201,MATCH($A2&"-10",Matches!$J$2:$J$201,0))),"",IF(AND(V2=INDEX(Matches!$G$2:$G$201,MATCH($A2&"-10",Matches!$J$2:$J$201,0)),W2=INDEX(Matches!$H$2:$H$201,MATCH($A2&"-10",Matches!$J$2:$J$201,0))),5,IF(SIGN(V2-W2)<>SIGN(INDEX(Matches!$G$2:$G$201,MATCH($A2&"-10",Matches!$J$2:$J$201,0))-INDEX(Matches!$H$2:$H$201,MATCH($A2&"-10",Matches!$J$2:$J$201,0))),0,IF(V2-W2=INDEX(Matches!$G$2:$G$201,MATCH($A2&"-10",Matches!$J$2:$J$201,0))-INDEX(Matches!$H$2:$H$201,MATCH($A2&"-10",Matches!$J$2:$J$201,0)),3,2))))),"")) | AH2: =IF($B2="","",SUM(X2:AG2)) -> 5 | AI2: =IF($B2="","",COUNTIF(X2:AG2,5)) -> 1 | AJ2: =IF($B2="","",COUNTIF(X2:AG2,">=2")) -> 1 | AK2: =IF($B2="","",COUNT(X2:AG2)) -> 3
A3: 1 | B3: Example – Khalid | C3: 46296.861 | D3: 0 | E3: 2 | F3: 1 | G3: 1 | H3: 1 | I3: 2 | X3: =IF(OR($B3="",D3="",E3=""),"",IFERROR(IF(OR(INDEX(Matches!$I$2:$I$201,MATCH($A3&"-1",Matches!$J$2:$J$201,0))="Void",INDEX(Matches!$G$2:$G$201,MATCH($A3&"-1",Matches!$J$2:$J$201,0))="",INDEX(Matches!$H$2:$H$201,MATCH($A3&"-1",Matches!$J$2:$J$201,0))=""),"",IF(AND($C3<>"",INDEX(Matches!$F$2:$F$201,MATCH($A3&"-1",Matches!$J$2:$J$201,0))<>"",$C3>=INDEX(Matches!$F$2:$F$201,MATCH($A3&"-1",Matches!$J$2:$J$201,0))),"",IF(AND(D3=INDEX(Matches!$G$2:$G$201,MATCH($A3&"-1",Matches!$J$2:$J$201,0)),E3=INDEX(Matches!$H$2:$H$201,MATCH($A3&"-1",Matches!$J$2:$J$201,0))),5,IF(SIGN(D3-E3)<>SIGN(INDEX(Matches!$G$2:$G$201,MATCH($A3&"-1",Matches!$J$2:$J$201,0))-INDEX(Matches!$H$2:$H$201,MATCH($A3&"-1",Matches!$J$2:$J$201,0))),0,IF(D3-E3=INDEX(Matches!$G$2:$G$201,MATCH($A3&"-1",Matches!$J$2:$J$201,0))-INDEX(Matches!$H$2:$H$201,MATCH($A3&"-1",Matches!$J$2:$J$201,0)),3,2))))),"")) -> 0 | Y3: =IF(OR($B3="",F3="",G3=""),"",IFERROR(IF(OR(INDEX(Matches!$I$2:$I$201,MATCH($A3&"-2",Matches!$J$2:$J$201,0))="Void",INDEX(Matches!$G$2:$G$201,MATCH($A3&"-2",Matches!$J$2:$J$201,0))="",INDEX(Matches!$H$2:$H$201,MATCH($A3&"-2",Matches!$J$2:$J$201,0))=""),"",IF(AND($C3<>"",INDEX(Matches!$F$2:$F$201,MATCH($A3&"-2",Matches!$J$2:$J$201,0))<>"",$C3>=INDEX(Matches!$F$2:$F$201,MATCH($A3&"-2",Matches!$J$2:$J$201,0))),"",IF(AND(F3=INDEX(Matches!$G$2:$G$201,MATCH($A3&"-2",Matches!$J$2:$J$201,0)),G3=INDEX(Matches!$H$2:$H$201,MATCH($A3&"-2",Matches!$J$2:$J$201,0))),5,IF(SIGN(F3-G3)<>SIGN(INDEX(Matches!$G$2:$G$201,MATCH($A3&"-2",Matches!$J$2:$J$201,0))-INDEX(Matches!$H$2:$H$201,MATCH($A3&"-2",Matches!$J$2:$J$201,0))),0,IF(F3-G3=INDEX(Matches!$G$2:$G$201,MATCH($A3&"-2",Matches!$J$2:$J$201,0))-INDEX(Matches!$H$2:$H$201,MATCH($A3&"-2",Matches!$J$2:$J$201,0)),3,2))))),"")) -> 5 | Z3: =IF(OR($B3="",H3="",I3=""),"",IFERROR(IF(OR(INDEX(Matches!$I$2:$I$201,MATCH($A3&"-3",Matches!$J$2:$J$201,0))="Void",INDEX(Matches!$G$2:$G$201,MATCH($A3&"-3",Matches!$J$2:$J$201,0))="",INDEX(Matches!$H$2:$H$201,MATCH($A3&"-3",Matches!$J$2:$J$201,0))=""),"",IF(AND($C3<>"",INDEX(Matches!$F$2:$F$201,MATCH($A3&"-3",Matches!$J$2:$J$201,0))<>"",$C3>=INDEX(Matches!$F$2:$F$201,MATCH($A3&"-3",Matches!$J$2:$J$201,0))),"",IF(AND(H3=INDEX(Matches!$G$2:$G$201,MATCH($A3&"-3",Matches!$J$2:$J$201,0)),I3=INDEX(Matches!$H$2:$H$201,MATCH($A3&"-3",Matches!$J$2:$J$201,0))),5,IF(SIGN(H3-I3)<>SIGN(INDEX(Matches!$G$2:$G$201,MATCH($A3&"-3",Matches!$J$2:$J$201,0))-INDEX(Matches!$H$2:$H$201,MATCH($A3&"-3",Matches!$J$2:$J$201,0))),0,IF(H3-I3=INDEX(Matches!$G$2:$G$201,MATCH($A3&"-3",Matches!$J$2:$J$201,0))-INDEX(Matches!$H$2:$H$201,MATCH($A3&"-3",Matches!$J$2:$J$201,0)),3,2))))),"")) -> 2 | AA3: =IF(OR($B3="",J3="",K3=""),"",IFERROR(IF(OR(INDEX(Matches!$I$2:$I$201,MATCH($A3&"-4",Matches!$J$2:$J$201,0))="Void",INDEX(Matches!$G$2:$G$201,MATCH($A3&"-4",Matches!$J$2:$J$201,0))="",INDEX(Matches!$H$2:$H$201,MATCH($A3&"-4",Matches!$J$2:$J$201,0))=""),"",IF(AND($C3<>"",INDEX(Matches!$F$2:$F$201,MATCH($A3&"-4",Matches!$J$2:$J$201,0))<>"",$C3>=INDEX(Matches!$F$2:$F$201,MATCH($A3&"-4",Matches!$J$2:$J$201,0))),"",IF(AND(J3=INDEX(Matches!$G$2:$G$201,MATCH($A3&"-4",Matches!$J$2:$J$201,0)),K3=INDEX(Matches!$H$2:$H$201,MATCH($A3&"-4",Matches!$J$2:$J$201,0))),5,IF(SIGN(J3-K3)<>SIGN(INDEX(Matches!$G$2:$G$201,MATCH($A3&"-4",Matches!$J$2:$J$201,0))-INDEX(Matches!$H$2:$H$201,MATCH($A3&"-4",Matches!$J$2:$J$201,0))),0,IF(J3-K3=INDEX(Matches!$G$2:$G$201,MATCH($A3&"-4",Matches!$J$2:$J$201,0))-INDEX(Matches!$H$2:$H$201,MATCH($A3&"-4",Matches!$J$2:$J$201,0)),3,2))))),"")) | AB3: =IF(OR($B3="",L3="",M3=""),"",IFERROR(IF(OR(INDEX(Matches!$I$2:$I$201,MATCH($A3&"-5",Matches!$J$2:$J$201,0))="Void",INDEX(Matches!$G$2:$G$201,MATCH($A3&"-5",Matches!$J$2:$J$201,0))="",INDEX(Matches!$H$2:$H$201,MATCH($A3&"-5",Matches!$J$2:$J$201,0))=""),"",IF(AND($C3<>"",INDEX(Matches!$F$2:$F$201,MATCH($A3&"-5",Matches!$J$2:$J$201,0))<>"",$C3>=INDEX(Matches!$F$2:$F$201,MATCH($A3&"-5",Matches!$J$2:$J$201,0))),"",IF(AND(L3=INDEX(Matches!$G$2:$G$201,MATCH($A3&"-5",Matches!$J$2:$J$201,0)),M3=INDEX(Matches!$H$2:$H$201,MATCH($A3&"-5",Matches!$J$2:$J$201,0))),5,IF(SIGN(L3-M3)<>SIGN(INDEX(Matches!$G$2:$G$201,MATCH($A3&"-5",Matches!$J$2:$J$201,0))-INDEX(Matches!$H$2:$H$201,MATCH($A3&"-5",Matches!$J$2:$J$201,0))),0,IF(L3-M3=INDEX(Matches!$G$2:$G$201,MATCH($A3&"-5",Matches!$J$2:$J$201,0))-INDEX(Matches!$H$2:$H$201,MATCH($A3&"-5",Matches!$J$2:$J$201,0)),3,2))))),"")) | AC3: =IF(OR($B3="",N3="",O3=""),"",IFERROR(IF(OR(INDEX(Matches!$I$2:$I$201,MATCH($A3&"-6",Matches!$J$2:$J$201,0))="Void",INDEX(Matches!$G$2:$G$201,MATCH($A3&"-6",Matches!$J$2:$J$201,0))="",INDEX(Matches!$H$2:$H$201,MATCH($A3&"-6",Matches!$J$2:$J$201,0))=""),"",IF(AND($C3<>"",INDEX(Matches!$F$2:$F$201,MATCH($A3&"-6",Matches!$J$2:$J$201,0))<>"",$C3>=INDEX(Matches!$F$2:$F$201,MATCH($A3&"-6",Matches!$J$2:$J$201,0))),"",IF(AND(N3=INDEX(Matches!$G$2:$G$201,MATCH($A3&"-6",Matches!$J$2:$J$201,0)),O3=INDEX(Matches!$H$2:$H$201,MATCH($A3&"-6",Matches!$J$2:$J$201,0))),5,IF(SIGN(N3-O3)<>SIGN(INDEX(Matches!$G$2:$G$201,MATCH($A3&"-6",Matches!$J$2:$J$201,0))-INDEX(Matches!$H$2:$H$201,MATCH($A3&"-6",Matches!$J$2:$J$201,0))),0,IF(N3-O3=INDEX(Matches!$G$2:$G$201,MATCH($A3&"-6",Matches!$J$2:$J$201,0))-INDEX(Matches!$H$2:$H$201,MATCH($A3&"-6",Matches!$J$2:$J$201,0)),3,2))))),"")) | AD3: =IF(OR($B3="",P3="",Q3=""),"",IFERROR(IF(OR(INDEX(Matches!$I$2:$I$201,MATCH($A3&"-7",Matches!$J$2:$J$201,0))="Void",INDEX(Matches!$G$2:$G$201,MATCH($A3&"-7",Matches!$J$2:$J$201,0))="",INDEX(Matches!$H$2:$H$201,MATCH($A3&"-7",Matches!$J$2:$J$201,0))=""),"",IF(AND($C3<>"",INDEX(Matches!$F$2:$F$201,MATCH($A3&"-7",Matches!$J$2:$J$201,0))<>"",$C3>=INDEX(Matches!$F$2:$F$201,MATCH($A3&"-7",Matches!$J$2:$J$201,0))),"",IF(AND(P3=INDEX(Matches!$G$2:$G$201,MATCH($A3&"-7",Matches!$J$2:$J$201,0)),Q3=INDEX(Matches!$H$2:$H$201,MATCH($A3&"-7",Matches!$J$2:$J$201,0))),5,IF(SIGN(P3-Q3)<>SIGN(INDEX(Matches!$G$2:$G$201,MATCH($A3&"-7",Matches!$J$2:$J$201,0))-INDEX(Matches!$H$2:$H$201,MATCH($A3&"-7",Matches!$J$2:$J$201,0))),0,IF(P3-Q3=INDEX(Matches!$G$2:$G$201,MATCH($A3&"-7",Matches!$J$2:$J$201,0))-INDEX(Matches!$H$2:$H$201,MATCH($A3&"-7",Matches!$J$2:$J$201,0)),3,2))))),"")) | AE3: =IF(OR($B3="",R3="",S3=""),"",IFERROR(IF(OR(INDEX(Matches!$I$2:$I$201,MATCH($A3&"-8",Matches!$J$2:$J$201,0))="Void",INDEX(Matches!$G$2:$G$201,MATCH($A3&"-8",Matches!$J$2:$J$201,0))="",INDEX(Matches!$H$2:$H$201,MATCH($A3&"-8",Matches!$J$2:$J$201,0))=""),"",IF(AND($C3<>"",INDEX(Matches!$F$2:$F$201,MATCH($A3&"-8",Matches!$J$2:$J$201,0))<>"",$C3>=INDEX(Matches!$F$2:$F$201,MATCH($A3&"-8",Matches!$J$2:$J$201,0))),"",IF(AND(R3=INDEX(Matches!$G$2:$G$201,MATCH($A3&"-8",Matches!$J$2:$J$201,0)),S3=INDEX(Matches!$H$2:$H$201,MATCH($A3&"-8",Matches!$J$2:$J$201,0))),5,IF(SIGN(R3-S3)<>SIGN(INDEX(Matches!$G$2:$G$201,MATCH($A3&"-8",Matches!$J$2:$J$201,0))-INDEX(Matches!$H$2:$H$201,MATCH($A3&"-8",Matches!$J$2:$J$201,0))),0,IF(R3-S3=INDEX(Matches!$G$2:$G$201,MATCH($A3&"-8",Matches!$J$2:$J$201,0))-INDEX(Matches!$H$2:$H$201,MATCH($A3&"-8",Matches!$J$2:$J$201,0)),3,2))))),"")) | AF3: =IF(OR($B3="",T3="",U3=""),"",IFERROR(IF(OR(INDEX(Matches!$I$2:$I$201,MATCH($A3&"-9",Matches!$J$2:$J$201,0))="Void",INDEX(Matches!$G$2:$G$201,MATCH($A3&"-9",Matches!$J$2:$J$201,0))="",INDEX(Matches!$H$2:$H$201,MATCH($A3&"-9",Matches!$J$2:$J$201,0))=""),"",IF(AND($C3<>"",INDEX(Matches!$F$2:$F$201,MATCH($A3&"-9",Matches!$J$2:$J$201,0))<>"",$C3>=INDEX(Matches!$F$2:$F$201,MATCH($A3&"-9",Matches!$J$2:$J$201,0))),"",IF(AND(T3=INDEX(Matches!$G$2:$G$201,MATCH($A3&"-9",Matches!$J$2:$J$201,0)),U3=INDEX(Matches!$H$2:$H$201,MATCH($A3&"-9",Matches!$J$2:$J$201,0))),5,IF(SIGN(T3-U3)<>SIGN(INDEX(Matches!$G$2:$G$201,MATCH($A3&"-9",Matches!$J$2:$J$201,0))-INDEX(Matches!$H$2:$H$201,MATCH($A3&"-9",Matches!$J$2:$J$201,0))),0,IF(T3-U3=INDEX(Matches!$G$2:$G$201,MATCH($A3&"-9",Matches!$J$2:$J$201,0))-INDEX(Matches!$H$2:$H$201,MATCH($A3&"-9",Matches!$J$2:$J$201,0)),3,2))))),"")) | AG3: =IF(OR($B3="",V3="",W3=""),"",IFERROR(IF(OR(INDEX(Matches!$I$2:$I$201,MATCH($A3&"-10",Matches!$J$2:$J$201,0))="Void",INDEX(Matches!$G$2:$G$201,MATCH($A3&"-10",Matches!$J$2:$J$201,0))="",INDEX(Matches!$H$2:$H$201,MATCH($A3&"-10",Matches!$J$2:$J$201,0))=""),"",IF(AND($C3<>"",INDEX(Matches!$F$2:$F$201,MATCH($A3&"-10",Matches!$J$2:$J$201,0))<>"",$C3>=INDEX(Matches!$F$2:$F$201,MATCH($A3&"-10",Matches!$J$2:$J$201,0))),"",IF(AND(V3=INDEX(Matches!$G$2:$G$201,MATCH($A3&"-10",Matches!$J$2:$J$201,0)),W3=INDEX(Matches!$H$2:$H$201,MATCH($A3&"-10",Matches!$J$2:$J$201,0))),5,IF(SIGN(V3-W3)<>SIGN(INDEX(Matches!$G$2:$G$201,MATCH($A3&"-10",Matches!$J$2:$J$201,0))-INDEX(Matches!$H$2:$H$201,MATCH($A3&"-10",Matches!$J$2:$J$201,0))),0,IF(V3-W3=INDEX(Matches!$G$2:$G$201,MATCH($A3&"-10",Matches!$J$2:$J$201,0))-INDEX(Matches!$H$2:$H$201,MATCH($A3&"-10",Matches!$J$2:$J$201,0)),3,2))))),"")) | AH3: =IF($B3="","",SUM(X3:AG3)) -> 7 | AI3: =IF($B3="","",COUNTIF(X3:AG3,5)) -> 1 | AJ3: =IF($B3="","",COUNTIF(X3:AG3,">=2")) -> 2 | AK3: =IF($B3="","",COUNT(X3:AG3)) -> 3
A4: 1 | B4: Example – Omar | C4: 46297.5 | D4: 3 | E4: 1 | F4: 2 | G4: 2 | H4: 0 | I4: 1 | X4: =IF(OR($B4="",D4="",E4=""),"",IFERROR(IF(OR(INDEX(Matches!$I$2:$I$201,MATCH($A4&"-1",Matches!$J$2:$J$201,0))="Void",INDEX(Matches!$G$2:$G$201,MATCH($A4&"-1",Matches!$J$2:$J$201,0))="",INDEX(Matches!$H$2:$H$201,MATCH($A4&"-1",Matches!$J$2:$J$201,0))=""),"",IF(AND($C4<>"",INDEX(Matches!$F$2:$F$201,MATCH($A4&"-1",Matches!$J$2:$J$201,0))<>"",$C4>=INDEX(Matches!$F$2:$F$201,MATCH($A4&"-1",Matches!$J$2:$J$201,0))),"",IF(AND(D4=INDEX(Matches!$G$2:$G$201,MATCH($A4&"-1",Matches!$J$2:$J$201,0)),E4=INDEX(Matches!$H$2:$H$201,MATCH($A4&"-1",Matches!$J$2:$J$201,0))),5,IF(SIGN(D4-E4)<>SIGN(INDEX(Matches!$G$2:$G$201,MATCH($A4&"-1",Matches!$J$2:$J$201,0))-INDEX(Matches!$H$2:$H$201,MATCH($A4&"-1",Matches!$J$2:$J$201,0))),0,IF(D4-E4=INDEX(Matches!$G$2:$G$201,MATCH($A4&"-1",Matches!$J$2:$J$201,0))-INDEX(Matches!$H$2:$H$201,MATCH($A4&"-1",Matches!$J$2:$J$201,0)),3,2))))),"")) -> 2 | Y4: =IF(OR($B4="",F4="",G4=""),"",IFERROR(IF(OR(INDEX(Matches!$I$2:$I$201,MATCH($A4&"-2",Matches!$J$2:$J$201,0))="Void",INDEX(Matches!$G$2:$G$201,MATCH($A4&"-2",Matches!$J$2:$J$201,0))="",INDEX(Matches!$H$2:$H$201,MATCH($A4&"-2",Matches!$J$2:$J$201,0))=""),"",IF(AND($C4<>"",INDEX(Matches!$F$2:$F$201,MATCH($A4&"-2",Matches!$J$2:$J$201,0))<>"",$C4>=INDEX(Matches!$F$2:$F$201,MATCH($A4&"-2",Matches!$J$2:$J$201,0))),"",IF(AND(F4=INDEX(Matches!$G$2:$G$201,MATCH($A4&"-2",Matches!$J$2:$J$201,0)),G4=INDEX(Matches!$H$2:$H$201,MATCH($A4&"-2",Matches!$J$2:$J$201,0))),5,IF(SIGN(F4-G4)<>SIGN(INDEX(Matches!$G$2:$G$201,MATCH($A4&"-2",Matches!$J$2:$J$201,0))-INDEX(Matches!$H$2:$H$201,MATCH($A4&"-2",Matches!$J$2:$J$201,0))),0,IF(F4-G4=INDEX(Matches!$G$2:$G$201,MATCH($A4&"-2",Matches!$J$2:$J$201,0))-INDEX(Matches!$H$2:$H$201,MATCH($A4&"-2",Matches!$J$2:$J$201,0)),3,2))))),"")) -> 3 | Z4: =IF(OR($B4="",H4="",I4=""),"",IFERROR(IF(OR(INDEX(Matches!$I$2:$I$201,MATCH($A4&"-3",Matches!$J$2:$J$201,0))="Void",INDEX(Matches!$G$2:$G$201,MATCH($A4&"-3",Matches!$J$2:$J$201,0))="",INDEX(Matches!$H$2:$H$201,MATCH($A4&"-3",Matches!$J$2:$J$201,0))=""),"",IF(AND($C4<>"",INDEX(Matches!$F$2:$F$201,MATCH($A4&"-3",Matches!$J$2:$J$201,0))<>"",$C4>=INDEX(Matches!$F$2:$F$201,MATCH($A4&"-3",Matches!$J$2:$J$201,0))),"",IF(AND(H4=INDEX(Matches!$G$2:$G$201,MATCH($A4&"-3",Matches!$J$2:$J$201,0)),I4=INDEX(Matches!$H$2:$H$201,MATCH($A4&"-3",Matches!$J$2:$J$201,0))),5,IF(SIGN(H4-I4)<>SIGN(INDEX(Matches!$G$2:$G$201,MATCH($A4&"-3",Matches!$J$2:$J$201,0))-INDEX(Matches!$H$2:$H$201,MATCH($A4&"-3",Matches!$J$2:$J$201,0))),0,IF(H4-I4=INDEX(Matches!$G$2:$G$201,MATCH($A4&"-3",Matches!$J$2:$J$201,0))-INDEX(Matches!$H$2:$H$201,MATCH($A4&"-3",Matches!$J$2:$J$201,0)),3,2))))),"")) -> 2 | AA4: =IF(OR($B4="",J4="",K4=""),"",IFERROR(IF(OR(INDEX(Matches!$I$2:$I$201,MATCH($A4&"-4",Matches!$J$2:$J$201,0))="Void",INDEX(Matches!$G$2:$G$201,MATCH($A4&"-4",Matches!$J$2:$J$201,0))="",INDEX(Matches!$H$2:$H$201,MATCH($A4&"-4",Matches!$J$2:$J$201,0))=""),"",IF(AND($C4<>"",INDEX(Matches!$F$2:$F$201,MATCH($A4&"-4",Matches!$J$2:$J$201,0))<>"",$C4>=INDEX(Matches!$F$2:$F$201,MATCH($A4&"-4",Matches!$J$2:$J$201,0))),"",IF(AND(J4=INDEX(Matches!$G$2:$G$201,MATCH($A4&"-4",Matches!$J$2:$J$201,0)),K4=INDEX(Matches!$H$2:$H$201,MATCH($A4&"-4",Matches!$J$2:$J$201,0))),5,IF(SIGN(J4-K4)<>SIGN(INDEX(Matches!$G$2:$G$201,MATCH($A4&"-4",Matches!$J$2:$J$201,0))-INDEX(Matches!$H$2:$H$201,MATCH($A4&"-4",Matches!$J$2:$J$201,0))),0,IF(J4-K4=INDEX(Matches!$G$2:$G$201,MATCH($A4&"-4",Matches!$J$2:$J$201,0))-INDEX(Matches!$H$2:$H$201,MATCH($A4&"-4",Matches!$J$2:$J$201,0)),3,2))))),"")) | AB4: =IF(OR($B4="",L4="",M4=""),"",IFERROR(IF(OR(INDEX(Matches!$I$2:$I$201,MATCH($A4&"-5",Matches!$J$2:$J$201,0))="Void",INDEX(Matches!$G$2:$G$201,MATCH($A4&"-5",Matches!$J$2:$J$201,0))="",INDEX(Matches!$H$2:$H$201,MATCH($A4&"-5",Matches!$J$2:$J$201,0))=""),"",IF(AND($C4<>"",INDEX(Matches!$F$2:$F$201,MATCH($A4&"-5",Matches!$J$2:$J$201,0))<>"",$C4>=INDEX(Matches!$F$2:$F$201,MATCH($A4&"-5",Matches!$J$2:$J$201,0))),"",IF(AND(L4=INDEX(Matches!$G$2:$G$201,MATCH($A4&"-5",Matches!$J$2:$J$201,0)),M4=INDEX(Matches!$H$2:$H$201,MATCH($A4&"-5",Matches!$J$2:$J$201,0))),5,IF(SIGN(L4-M4)<>SIGN(INDEX(Matches!$G$2:$G$201,MATCH($A4&"-5",Matches!$J$2:$J$201,0))-INDEX(Matches!$H$2:$H$201,MATCH($A4&"-5",Matches!$J$2:$J$201,0))),0,IF(L4-M4=INDEX(Matches!$G$2:$G$201,MATCH($A4&"-5",Matches!$J$2:$J$201,0))-INDEX(Matches!$H$2:$H$201,MATCH($A4&"-5",Matches!$J$2:$J$201,0)),3,2))))),"")) | AC4: =IF(OR($B4="",N4="",O4=""),"",IFERROR(IF(OR(INDEX(Matches!$I$2:$I$201,MATCH($A4&"-6",Matches!$J$2:$J$201,0))="Void",INDEX(Matches!$G$2:$G$201,MATCH($A4&"-6",Matches!$J$2:$J$201,0))="",INDEX(Matches!$H$2:$H$201,MATCH($A4&"-6",Matches!$J$2:$J$201,0))=""),"",IF(AND($C4<>"",INDEX(Matches!$F$2:$F$201,MATCH($A4&"-6",Matches!$J$2:$J$201,0))<>"",$C4>=INDEX(Matches!$F$2:$F$201,MATCH($A4&"-6",Matches!$J$2:$J$201,0))),"",IF(AND(N4=INDEX(Matches!$G$2:$G$201,MATCH($A4&"-6",Matches!$J$2:$J$201,0)),O4=INDEX(Matches!$H$2:$H$201,MATCH($A4&"-6",Matches!$J$2:$J$201,0))),5,IF(SIGN(N4-O4)<>SIGN(INDEX(Matches!$G$2:$G$201,MATCH($A4&"-6",Matches!$J$2:$J$201,0))-INDEX(Matches!$H$2:$H$201,MATCH($A4&"-6",Matches!$J$2:$J$201,0))),0,IF(N4-O4=INDEX(Matches!$G$2:$G$201,MATCH($A4&"-6",Matches!$J$2:$J$201,0))-INDEX(Matches!$H$2:$H$201,MATCH($A4&"-6",Matches!$J$2:$J$201,0)),3,2))))),"")) | AD4: =IF(OR($B4="",P4="",Q4=""),"",IFERROR(IF(OR(INDEX(Matches!$I$2:$I$201,MATCH($A4&"-7",Matches!$J$2:$J$201,0))="Void",INDEX(Matches!$G$2:$G$201,MATCH($A4&"-7",Matches!$J$2:$J$201,0))="",INDEX(Matches!$H$2:$H$201,MATCH($A4&"-7",Matches!$J$2:$J$201,0))=""),"",IF(AND($C4<>"",INDEX(Matches!$F$2:$F$201,MATCH($A4&"-7",Matches!$J$2:$J$201,0))<>"",$C4>=INDEX(Matches!$F$2:$F$201,MATCH($A4&"-7",Matches!$J$2:$J$201,0))),"",IF(AND(P4=INDEX(Matches!$G$2:$G$201,MATCH($A4&"-7",Matches!$J$2:$J$201,0)),Q4=INDEX(Matches!$H$2:$H$201,MATCH($A4&"-7",Matches!$J$2:$J$201,0))),5,IF(SIGN(P4-Q4)<>SIGN(INDEX(Matches!$G$2:$G$201,MATCH($A4&"-7",Matches!$J$2:$J$201,0))-INDEX(Matches!$H$2:$H$201,MATCH($A4&"-7",Matches!$J$2:$J$201,0))),0,IF(P4-Q4=INDEX(Matches!$G$2:$G$201,MATCH($A4&"-7",Matches!$J$2:$J$201,0))-INDEX(Matches!$H$2:$H$201,MATCH($A4&"-7",Matches!$J$2:$J$201,0)),3,2))))),"")) | AE4: =IF(OR($B4="",R4="",S4=""),"",IFERROR(IF(OR(INDEX(Matches!$I$2:$I$201,MATCH($A4&"-8",Matches!$J$2:$J$201,0))="Void",INDEX(Matches!$G$2:$G$201,MATCH($A4&"-8",Matches!$J$2:$J$201,0))="",INDEX(Matches!$H$2:$H$201,MATCH($A4&"-8",Matches!$J$2:$J$201,0))=""),"",IF(AND($C4<>"",INDEX(Matches!$F$2:$F$201,MATCH($A4&"-8",Matches!$J$2:$J$201,0))<>"",$C4>=INDEX(Matches!$F$2:$F$201,MATCH($A4&"-8",Matches!$J$2:$J$201,0))),"",IF(AND(R4=INDEX(Matches!$G$2:$G$201,MATCH($A4&"-8",Matches!$J$2:$J$201,0)),S4=INDEX(Matches!$H$2:$H$201,MATCH($A4&"-8",Matches!$J$2:$J$201,0))),5,IF(SIGN(R4-S4)<>SIGN(INDEX(Matches!$G$2:$G$201,MATCH($A4&"-8",Matches!$J$2:$J$201,0))-INDEX(Matches!$H$2:$H$201,MATCH($A4&"-8",Matches!$J$2:$J$201,0))),0,IF(R4-S4=INDEX(Matches!$G$2:$G$201,MATCH($A4&"-8",Matches!$J$2:$J$201,0))-INDEX(Matches!$H$2:$H$201,MATCH($A4&"-8",Matches!$J$2:$J$201,0)),3,2))))),"")) | AF4: =IF(OR($B4="",T4="",U4=""),"",IFERROR(IF(OR(INDEX(Matches!$I$2:$I$201,MATCH($A4&"-9",Matches!$J$2:$J$201,0))="Void",INDEX(Matches!$G$2:$G$201,MATCH($A4&"-9",Matches!$J$2:$J$201,0))="",INDEX(Matches!$H$2:$H$201,MATCH($A4&"-9",Matches!$J$2:$J$201,0))=""),"",IF(AND($C4<>"",INDEX(Matches!$F$2:$F$201,MATCH($A4&"-9",Matches!$J$2:$J$201,0))<>"",$C4>=INDEX(Matches!$F$2:$F$201,MATCH($A4&"-9",Matches!$J$2:$J$201,0))),"",IF(AND(T4=INDEX(Matches!$G$2:$G$201,MATCH($A4&"-9",Matches!$J$2:$J$201,0)),U4=INDEX(Matches!$H$2:$H$201,MATCH($A4&"-9",Matches!$J$2:$J$201,0))),5,IF(SIGN(T4-U4)<>SIGN(INDEX(Matches!$G$2:$G$201,MATCH($A4&"-9",Matches!$J$2:$J$201,0))-INDEX(Matches!$H$2:$H$201,MATCH($A4&"-9",Matches!$J$2:$J$201,0))),0,IF(T4-U4=INDEX(Matches!$G$2:$G$201,MATCH($A4&"-9",Matches!$J$2:$J$201,0))-INDEX(Matches!$H$2:$H$201,MATCH($A4&"-9",Matches!$J$2:$J$201,0)),3,2))))),"")) | AG4: =IF(OR($B4="",V4="",W4=""),"",IFERROR(IF(OR(INDEX(Matches!$I$2:$I$201,MATCH($A4&"-10",Matches!$J$2:$J$201,0))="Void",INDEX(Matches!$G$2:$G$201,MATCH($A4&"-10",Matches!$J$2:$J$201,0))="",INDEX(Matches!$H$2:$H$201,MATCH($A4&"-10",Matches!$J$2:$J$201,0))=""),"",IF(AND($C4<>"",INDEX(Matches!$F$2:$F$201,MATCH($A4&"-10",Matches!$J$2:$J$201,0))<>"",$C4>=INDEX(Matches!$F$2:$F$201,MATCH($A4&"-10",Matches!$J$2:$J$201,0))),"",IF(AND(V4=INDEX(Matches!$G$2:$G$201,MATCH($A4&"-10",Matches!$J$2:$J$201,0)),W4=INDEX(Matches!$H$2:$H$201,MATCH($A4&"-10",Matches!$J$2:$J$201,0))),5,IF(SIGN(V4-W4)<>SIGN(INDEX(Matches!$G$2:$G$201,MATCH($A4&"-10",Matches!$J$2:$J$201,0))-INDEX(Matches!$H$2:$H$201,MATCH($A4&"-10",Matches!$J$2:$J$201,0))),0,IF(V4-W4=INDEX(Matches!$G$2:$G$201,MATCH($A4&"-10",Matches!$J$2:$J$201,0))-INDEX(Matches!$H$2:$H$201,MATCH($A4&"-10",Matches!$J$2:$J$201,0)),3,2))))),"")) | AH4: =IF($B4="","",SUM(X4:AG4)) -> 7 | AI4: =IF($B4="","",COUNTIF(X4:AG4,5)) -> 0 | AJ4: =IF($B4="","",COUNTIF(X4:AG4,">=2")) -> 3 | AK4: =IF($B4="","",COUNT(X4:AG4)) -> 3
X5: =IF(OR($B5="",D5="",E5=""),"",IFERROR(IF(OR(INDEX(Matches!$I$2:$I$201,MATCH($A5&"-1",Matches!$J$2:$J$201,0))="Void",INDEX(Matches!$G$2:$G$201,MATCH($A5&"-1",Matches!$J$2:$J$201,0))="",INDEX(Matches!$H$2:$H$201,MATCH($A5&"-1",Matches!$J$2:$J$201,0))=""),"",IF(AND($C5<>"",INDEX(Matches!$F$2:$F$201,MATCH($A5&"-1",Matches!$J$2:$J$201,0))<>"",$C5>=INDEX(Matches!$F$2:$F$201,MATCH($A5&"-1",Matches!$J$2:$J$201,0))),"",IF(AND(D5=INDEX(Matches!$G$2:$G$201,MATCH($A5&"-1",Matches!$J$2:$J$201,0)),E5=INDEX(Matches!$H$2:$H$201,MATCH($A5&"-1",Matches!$J$2:$J$201,0))),5,IF(SIGN(D5-E5)<>SIGN(INDEX(Matches!$G$2:$G$201,MATCH($A5&"-1",Matches!$J$2:$J$201,0))-INDEX(Matches!$H$2:$H$201,MATCH($A5&"-1",Matches!$J$2:$J$201,0))),0,IF(D5-E5=INDEX(Matches!$G$2:$G$201,MATCH($A5&"-1",Matches!$J$2:$J$201,0))-INDEX(Matches!$H$2:$H$201,MATCH($A5&"-1",Matches!$J$2:$J$201,0)),3,2))))),"")) | Y5: =IF(OR($B5="",F5="",G5=""),"",IFERROR(IF(OR(INDEX(Matches!$I$2:$I$201,MATCH($A5&"-2",Matches!$J$2:$J$201,0))="Void",INDEX(Matches!$G$2:$G$201,MATCH($A5&"-2",Matches!$J$2:$J$201,0))="",INDEX(Matches!$H$2:$H$201,MATCH($A5&"-2",Matches!$J$2:$J$201,0))=""),"",IF(AND($C5<>"",INDEX(Matches!$F$2:$F$201,MATCH($A5&"-2",Matches!$J$2:$J$201,0))<>"",$C5>=INDEX(Matches!$F$2:$F$201,MATCH($A5&"-2",Matches!$J$2:$J$201,0))),"",IF(AND(F5=INDEX(Matches!$G$2:$G$201,MATCH($A5&"-2",Matches!$J$2:$J$201,0)),G5=INDEX(Matches!$H$2:$H$201,MATCH($A5&"-2",Matches!$J$2:$J$201,0))),5,IF(SIGN(F5-G5)<>SIGN(INDEX(Matches!$G$2:$G$201,MATCH($A5&"-2",Matches!$J$2:$J$201,0))-INDEX(Matches!$H$2:$H$201,MATCH($A5&"-2",Matches!$J$2:$J$201,0))),0,IF(F5-G5=INDEX(Matches!$G$2:$G$201,MATCH($A5&"-2",Matches!$J$2:$J$201,0))-INDEX(Matches!$H$2:$H$201,MATCH($A5&"-2",Matches!$J$2:$J$201,0)),3,2))))),"")) | Z5: =IF(OR($B5="",H5="",I5=""),"",IFERROR(IF(OR(INDEX(Matches!$I$2:$I$201,MATCH($A5&"-3",Matches!$J$2:$J$201,0))="Void",INDEX(Matches!$G$2:$G$201,MATCH($A5&"-3",Matches!$J$2:$J$201,0))="",INDEX(Matches!$H$2:$H$201,MATCH($A5&"-3",Matches!$J$2:$J$201,0))=""),"",IF(AND($C5<>"",INDEX(Matches!$F$2:$F$201,MATCH($A5&"-3",Matches!$J$2:$J$201,0))<>"",$C5>=INDEX(Matches!$F$2:$F$201,MATCH($A5&"-3",Matches!$J$2:$J$201,0))),"",IF(AND(H5=INDEX(Matches!$G$2:$G$201,MATCH($A5&"-3",Matches!$J$2:$J$201,0)),I5=INDEX(Matches!$H$2:$H$201,MATCH($A5&"-3",Matches!$J$2:$J$201,0))),5,IF(SIGN(H5-I5)<>SIGN(INDEX(Matches!$G$2:$G$201,MATCH($A5&"-3",Matches!$J$2:$J$201,0))-INDEX(Matches!$H$2:$H$201,MATCH($A5&"-3",Matches!$J$2:$J$201,0))),0,IF(H5-I5=INDEX(Matches!$G$2:$G$201,MATCH($A5&"-3",Matches!$J$2:$J$201,0))-INDEX(Matches!$H$2:$H$201,MATCH($A5&"-3",Matches!$J$2:$J$201,0)),3,2))))),"")) | AA5: =IF(OR($B5="",J5="",K5=""),"",IFERROR(IF(OR(INDEX(Matches!$I$2:$I$201,MATCH($A5&"-4",Matches!$J$2:$J$201,0))="Void",INDEX(Matches!$G$2:$G$201,MATCH($A5&"-4",Matches!$J$2:$J$201,0))="",INDEX(Matches!$H$2:$H$201,MATCH($A5&"-4",Matches!$J$2:$J$201,0))=""),"",IF(AND($C5<>"",INDEX(Matches!$F$2:$F$201,MATCH($A5&"-4",Matches!$J$2:$J$201,0))<>"",$C5>=INDEX(Matches!$F$2:$F$201,MATCH($A5&"-4",Matches!$J$2:$J$201,0))),"",IF(AND(J5=INDEX(Matches!$G$2:$G$201,MATCH($A5&"-4",Matches!$J$2:$J$201,0)),K5=INDEX(Matches!$H$2:$H$201,MATCH($A5&"-4",Matches!$J$2:$J$201,0))),5,IF(SIGN(J5-K5)<>SIGN(INDEX(Matches!$G$2:$G$201,MATCH($A5&"-4",Matches!$J$2:$J$201,0))-INDEX(Matches!$H$2:$H$201,MATCH($A5&"-4",Matches!$J$2:$J$201,0))),0,IF(J5-K5=INDEX(Matches!$G$2:$G$201,MATCH($A5&"-4",Matches!$J$2:$J$201,0))-INDEX(Matches!$H$2:$H$201,MATCH($A5&"-4",Matches!$J$2:$J$201,0)),3,2))))),"")) | AB5: =IF(OR($B5="",L5="",M5=""),"",IFERROR(IF(OR(INDEX(Matches!$I$2:$I$201,MATCH($A5&"-5",Matches!$J$2:$J$201,0))="Void",INDEX(Matches!$G$2:$G$201,MATCH($A5&"-5",Matches!$J$2:$J$201,0))="",INDEX(Matches!$H$2:$H$201,MATCH($A5&"-5",Matches!$J$2:$J$201,0))=""),"",IF(AND($C5<>"",INDEX(Matches!$F$2:$F$201,MATCH($A5&"-5",Matches!$J$2:$J$201,0))<>"",$C5>=INDEX(Matches!$F$2:$F$201,MATCH($A5&"-5",Matches!$J$2:$J$201,0))),"",IF(AND(L5=INDEX(Matches!$G$2:$G$201,MATCH($A5&"-5",Matches!$J$2:$J$201,0)),M5=INDEX(Matches!$H$2:$H$201,MATCH($A5&"-5",Matches!$J$2:$J$201,0))),5,IF(SIGN(L5-M5)<>SIGN(INDEX(Matches!$G$2:$G$201,MATCH($A5&"-5",Matches!$J$2:$J$201,0))-INDEX(Matches!$H$2:$H$201,MATCH($A5&"-5",Matches!$J$2:$J$201,0))),0,IF(L5-M5=INDEX(Matches!$G$2:$G$201,MATCH($A5&"-5",Matches!$J$2:$J$201,0))-INDEX(Matches!$H$2:$H$201,MATCH($A5&"-5",Matches!$J$2:$J$201,0)),3,2))))),"")) | AC5: =IF(OR($B5="",N5="",O5=""),"",IFERROR(IF(OR(INDEX(Matches!$I$2:$I$201,MATCH($A5&"-6",Matches!$J$2:$J$201,0))="Void",INDEX(Matches!$G$2:$G$201,MATCH($A5&"-6",Matches!$J$2:$J$201,0))="",INDEX(Matches!$H$2:$H$201,MATCH($A5&"-6",Matches!$J$2:$J$201,0))=""),"",IF(AND($C5<>"",INDEX(Matches!$F$2:$F$201,MATCH($A5&"-6",Matches!$J$2:$J$201,0))<>"",$C5>=INDEX(Matches!$F$2:$F$201,MATCH($A5&"-6",Matches!$J$2:$J$201,0))),"",IF(AND(N5=INDEX(Matches!$G$2:$G$201,MATCH($A5&"-6",Matches!$J$2:$J$201,0)),O5=INDEX(Matches!$H$2:$H$201,MATCH($A5&"-6",Matches!$J$2:$J$201,0))),5,IF(SIGN(N5-O5)<>SIGN(INDEX(Matches!$G$2:$G$201,MATCH($A5&"-6",Matches!$J$2:$J$201,0))-INDEX(Matches!$H$2:$H$201,MATCH($A5&"-6",Matches!$J$2:$J$201,0))),0,IF(N5-O5=INDEX(Matches!$G$2:$G$201,MATCH($A5&"-6",Matches!$J$2:$J$201,0))-INDEX(Matches!$H$2:$H$201,MATCH($A5&"-6",Matches!$J$2:$J$201,0)),3,2))))),"")) | AD5: =IF(OR($B5="",P5="",Q5=""),"",IFERROR(IF(OR(INDEX(Matches!$I$2:$I$201,MATCH($A5&"-7",Matches!$J$2:$J$201,0))="Void",INDEX(Matches!$G$2:$G$201,MATCH($A5&"-7",Matches!$J$2:$J$201,0))="",INDEX(Matches!$H$2:$H$201,MATCH($A5&"-7",Matches!$J$2:$J$201,0))=""),"",IF(AND($C5<>"",INDEX(Matches!$F$2:$F$201,MATCH($A5&"-7",Matches!$J$2:$J$201,0))<>"",$C5>=INDEX(Matches!$F$2:$F$201,MATCH($A5&"-7",Matches!$J$2:$J$201,0))),"",IF(AND(P5=INDEX(Matches!$G$2:$G$201,MATCH($A5&"-7",Matches!$J$2:$J$201,0)),Q5=INDEX(Matches!$H$2:$H$201,MATCH($A5&"-7",Matches!$J$2:$J$201,0))),5,IF(SIGN(P5-Q5)<>SIGN(INDEX(Matches!$G$2:$G$201,MATCH($A5&"-7",Matches!$J$2:$J$201,0))-INDEX(Matches!$H$2:$H$201,MATCH($A5&"-7",Matches!$J$2:$J$201,0))),0,IF(P5-Q5=INDEX(Matches!$G$2:$G$201,MATCH($A5&"-7",Matches!$J$2:$J$201,0))-INDEX(Matches!$H$2:$H$201,MATCH($A5&"-7",Matches!$J$2:$J$201,0)),3,2))))),"")) | AE5: =IF(OR($B5="",R5="",S5=""),"",IFERROR(IF(OR(INDEX(Matches!$I$2:$I$201,MATCH($A5&"-8",Matches!$J$2:$J$201,0))="Void",INDEX(Matches!$G$2:$G$201,MATCH($A5&"-8",Matches!$J$2:$J$201,0))="",INDEX(Matches!$H$2:$H$201,MATCH($A5&"-8",Matches!$J$2:$J$201,0))=""),"",IF(AND($C5<>"",INDEX(Matches!$F$2:$F$201,MATCH($A5&"-8",Matches!$J$2:$J$201,0))<>"",$C5>=INDEX(Matches!$F$2:$F$201,MATCH($A5&"-8",Matches!$J$2:$J$201,0))),"",IF(AND(R5=INDEX(Matches!$G$2:$G$201,MATCH($A5&"-8",Matches!$J$2:$J$201,0)),S5=INDEX(Matches!$H$2:$H$201,MATCH($A5&"-8",Matches!$J$2:$J$201,0))),5,IF(SIGN(R5-S5)<>SIGN(INDEX(Matches!$G$2:$G$201,MATCH($A5&"-8",Matches!$J$2:$J$201,0))-INDEX(Matches!$H$2:$H$201,MATCH($A5&"-8",Matches!$J$2:$J$201,0))),0,IF(R5-S5=INDEX(Matches!$G$2:$G$201,MATCH($A5&"-8",Matches!$J$2:$J$201,0))-INDEX(Matches!$H$2:$H$201,MATCH($A5&"-8",Matches!$J$2:$J$201,0)),3,2))))),"")) | AF5: =IF(OR($B5="",T5="",U5=""),"",IFERROR(IF(OR(INDEX(Matches!$I$2:$I$201,MATCH($A5&"-9",Matches!$J$2:$J$201,0))="Void",INDEX(Matches!$G$2:$G$201,MATCH($A5&"-9",Matches!$J$2:$J$201,0))="",INDEX(Matches!$H$2:$H$201,MATCH($A5&"-9",Matches!$J$2:$J$201,0))=""),"",IF(AND($C5<>"",INDEX(Matches!$F$2:$F$201,MATCH($A5&"-9",Matches!$J$2:$J$201,0))<>"",$C5>=INDEX(Matches!$F$2:$F$201,MATCH($A5&"-9",Matches!$J$2:$J$201,0))),"",IF(AND(T5=INDEX(Matches!$G$2:$G$201,MATCH($A5&"-9",Matches!$J$2:$J$201,0)),U5=INDEX(Matches!$H$2:$H$201,MATCH($A5&"-9",Matches!$J$2:$J$201,0))),5,IF(SIGN(T5-U5)<>SIGN(INDEX(Matches!$G$2:$G$201,MATCH($A5&"-9",Matches!$J$2:$J$201,0))-INDEX(Matches!$H$2:$H$201,MATCH($A5&"-9",Matches!$J$2:$J$201,0))),0,IF(T5-U5=INDEX(Matches!$G$2:$G$201,MATCH($A5&"-9",Matches!$J$2:$J$201,0))-INDEX(Matches!$H$2:$H$201,MATCH($A5&"-9",Matches!$J$2:$J$201,0)),3,2))))),"")) | AG5: =IF(OR($B5="",V5="",W5=""),"",IFERROR(IF(OR(INDEX(Matches!$I$2:$I$201,MATCH($A5&"-10",Matches!$J$2:$J$201,0))="Void",INDEX(Matches!$G$2:$G$201,MATCH($A5&"-10",Matches!$J$2:$J$201,0))="",INDEX(Matches!$H$2:$H$201,MATCH($A5&"-10",Matches!$J$2:$J$201,0))=""),"",IF(AND($C5<>"",INDEX(Matches!$F$2:$F$201,MATCH($A5&"-10",Matches!$J$2:$J$201,0))<>"",$C5>=INDEX(Matches!$F$2:$F$201,MATCH($A5&"-10",Matches!$J$2:$J$201,0))),"",IF(AND(V5=INDEX(Matches!$G$2:$G$201,MATCH($A5&"-10",Matches!$J$2:$J$201,0)),W5=INDEX(Matches!$H$2:$H$201,MATCH($A5&"-10",Matches!$J$2:$J$201,0))),5,IF(SIGN(V5-W5)<>SIGN(INDEX(Matches!$G$2:$G$201,MATCH($A5&"-10",Matches!$J$2:$J$201,0))-INDEX(Matches!$H$2:$H$201,MATCH($A5&"-10",Matches!$J$2:$J$201,0))),0,IF(V5-W5=INDEX(Matches!$G$2:$G$201,MATCH($A5&"-10",Matches!$J$2:$J$201,0))-INDEX(Matches!$H$2:$H$201,MATCH($A5&"-10",Matches!$J$2:$J$201,0)),3,2))))),"")) | AH5: =IF($B5="","",SUM(X5:AG5)) | AI5: =IF($B5="","",COUNTIF(X5:AG5,5)) | AJ5: =IF($B5="","",COUNTIF(X5:AG5,">=2")) | AK5: =IF($B5="","",COUNT(X5:AG5))
X6: =IF(OR($B6="",D6="",E6=""),"",IFERROR(IF(OR(INDEX(Matches!$I$2:$I$201,MATCH($A6&"-1",Matches!$J$2:$J$201,0))="Void",INDEX(Matches!$G$2:$G$201,MATCH($A6&"-1",Matches!$J$2:$J$201,0))="",INDEX(Matches!$H$2:$H$201,MATCH($A6&"-1",Matches!$J$2:$J$201,0))=""),"",IF(AND($C6<>"",INDEX(Matches!$F$2:$F$201,MATCH($A6&"-1",Matches!$J$2:$J$201,0))<>"",$C6>=INDEX(Matches!$F$2:$F$201,MATCH($A6&"-1",Matches!$J$2:$J$201,0))),"",IF(AND(D6=INDEX(Matches!$G$2:$G$201,MATCH($A6&"-1",Matches!$J$2:$J$201,0)),E6=INDEX(Matches!$H$2:$H$201,MATCH($A6&"-1",Matches!$J$2:$J$201,0))),5,IF(SIGN(D6-E6)<>SIGN(INDEX(Matches!$G$2:$G$201,MATCH($A6&"-1",Matches!$J$2:$J$201,0))-INDEX(Matches!$H$2:$H$201,MATCH($A6&"-1",Matches!$J$2:$J$201,0))),0,IF(D6-E6=INDEX(Matches!$G$2:$G$201,MATCH($A6&"-1",Matches!$J$2:$J$201,0))-INDEX(Matches!$H$2:$H$201,MATCH($A6&"-1",Matches!$J$2:$J$201,0)),3,2))))),"")) | Y6: =IF(OR($B6="",F6="",G6=""),"",IFERROR(IF(OR(INDEX(Matches!$I$2:$I$201,MATCH($A6&"-2",Matches!$J$2:$J$201,0))="Void",INDEX(Matches!$G$2:$G$201,MATCH($A6&"-2",Matches!$J$2:$J$201,0))="",INDEX(Matches!$H$2:$H$201,MATCH($A6&"-2",Matches!$J$2:$J$201,0))=""),"",IF(AND($C6<>"",INDEX(Matches!$F$2:$F$201,MATCH($A6&"-2",Matches!$J$2:$J$201,0))<>"",$C6>=INDEX(Matches!$F$2:$F$201,MATCH($A6&"-2",Matches!$J$2:$J$201,0))),"",IF(AND(F6=INDEX(Matches!$G$2:$G$201,MATCH($A6&"-2",Matches!$J$2:$J$201,0)),G6=INDEX(Matches!$H$2:$H$201,MATCH($A6&"-2",Matches!$J$2:$J$201,0))),5,IF(SIGN(F6-G6)<>SIGN(INDEX(Matches!$G$2:$G$201,MATCH($A6&"-2",Matches!$J$2:$J$201,0))-INDEX(Matches!$H$2:$H$201,MATCH($A6&"-2",Matches!$J$2:$J$201,0))),0,IF(F6-G6=INDEX(Matches!$G$2:$G$201,MATCH($A6&"-2",Matches!$J$2:$J$201,0))-INDEX(Matches!$H$2:$H$201,MATCH($A6&"-2",Matches!$J$2:$J$201,0)),3,2))))),"")) | Z6: =IF(OR($B6="",H6="",I6=""),"",IFERROR(IF(OR(INDEX(Matches!$I$2:$I$201,MATCH($A6&"-3",Matches!$J$2:$J$201,0))="Void",INDEX(Matches!$G$2:$G$201,MATCH($A6&"-3",Matches!$J$2:$J$201,0))="",INDEX(Matches!$H$2:$H$201,MATCH($A6&"-3",Matches!$J$2:$J$201,0))=""),"",IF(AND($C6<>"",INDEX(Matches!$F$2:$F$201,MATCH($A6&"-3",Matches!$J$2:$J$201,0))<>"",$C6>=INDEX(Matches!$F$2:$F$201,MATCH($A6&"-3",Matches!$J$2:$J$201,0))),"",IF(AND(H6=INDEX(Matches!$G$2:$G$201,MATCH($A6&"-3",Matches!$J$2:$J$201,0)),I6=INDEX(Matches!$H$2:$H$201,MATCH($A6&"-3",Matches!$J$2:$J$201,0))),5,IF(SIGN(H6-I6)<>SIGN(INDEX(Matches!$G$2:$G$201,MATCH($A6&"-3",Matches!$J$2:$J$201,0))-INDEX(Matches!$H$2:$H$201,MATCH($A6&"-3",Matches!$J$2:$J$201,0))),0,IF(H6-I6=INDEX(Matches!$G$2:$G$201,MATCH($A6&"-3",Matches!$J$2:$J$201,0))-INDEX(Matches!$H$2:$H$201,MATCH($A6&"-3",Matches!$J$2:$J$201,0)),3,2))))),"")) | AA6: =IF(OR($B6="",J6="",K6=""),"",IFERROR(IF(OR(INDEX(Matches!$I$2:$I$201,MATCH($A6&"-4",Matches!$J$2:$J$201,0))="Void",INDEX(Matches!$G$2:$G$201,MATCH($A6&"-4",Matches!$J$2:$J$201,0))="",INDEX(Matches!$H$2:$H$201,MATCH($A6&"-4",Matches!$J$2:$J$201,0))=""),"",IF(AND($C6<>"",INDEX(Matches!$F$2:$F$201,MATCH($A6&"-4",Matches!$J$2:$J$201,0))<>"",$C6>=INDEX(Matches!$F$2:$F$201,MATCH($A6&"-4",Matches!$J$2:$J$201,0))),"",IF(AND(J6=INDEX(Matches!$G$2:$G$201,MATCH($A6&"-4",Matches!$J$2:$J$201,0)),K6=INDEX(Matches!$H$2:$H$201,MATCH($A6&"-4",Matches!$J$2:$J$201,0))),5,IF(SIGN(J6-K6)<>SIGN(INDEX(Matches!$G$2:$G$201,MATCH($A6&"-4",Matches!$J$2:$J$201,0))-INDEX(Matches!$H$2:$H$201,MATCH($A6&"-4",Matches!$J$2:$J$201,0))),0,IF(J6-K6=INDEX(Matches!$G$2:$G$201,MATCH($A6&"-4",Matches!$J$2:$J$201,0))-INDEX(Matches!$H$2:$H$201,MATCH($A6&"-4",Matches!$J$2:$J$201,0)),3,2))))),"")) | AB6: =IF(OR($B6="",L6="",M6=""),"",IFERROR(IF(OR(INDEX(Matches!$I$2:$I$201,MATCH($A6&"-5",Matches!$J$2:$J$201,0))="Void",INDEX(Matches!$G$2:$G$201,MATCH($A6&"-5",Matches!$J$2:$J$201,0))="",INDEX(Matches!$H$2:$H$201,MATCH($A6&"-5",Matches!$J$2:$J$201,0))=""),"",IF(AND($C6<>"",INDEX(Matches!$F$2:$F$201,MATCH($A6&"-5",Matches!$J$2:$J$201,0))<>"",$C6>=INDEX(Matches!$F$2:$F$201,MATCH($A6&"-5",Matches!$J$2:$J$201,0))),"",IF(AND(L6=INDEX(Matches!$G$2:$G$201,MATCH($A6&"-5",Matches!$J$2:$J$201,0)),M6=INDEX(Matches!$H$2:$H$201,MATCH($A6&"-5",Matches!$J$2:$J$201,0))),5,IF(SIGN(L6-M6)<>SIGN(INDEX(Matches!$G$2:$G$201,MATCH($A6&"-5",Matches!$J$2:$J$201,0))-INDEX(Matches!$H$2:$H$201,MATCH($A6&"-5",Matches!$J$2:$J$201,0))),0,IF(L6-M6=INDEX(Matches!$G$2:$G$201,MATCH($A6&"-5",Matches!$J$2:$J$201,0))-INDEX(Matches!$H$2:$H$201,MATCH($A6&"-5",Matches!$J$2:$J$201,0)),3,2))))),"")) | AC6: =IF(OR($B6="",N6="",O6=""),"",IFERROR(IF(OR(INDEX(Matches!$I$2:$I$201,MATCH($A6&"-6",Matches!$J$2:$J$201,0))="Void",INDEX(Matches!$G$2:$G$201,MATCH($A6&"-6",Matches!$J$2:$J$201,0))="",INDEX(Matches!$H$2:$H$201,MATCH($A6&"-6",Matches!$J$2:$J$201,0))=""),"",IF(AND($C6<>"",INDEX(Matches!$F$2:$F$201,MATCH($A6&"-6",Matches!$J$2:$J$201,0))<>"",$C6>=INDEX(Matches!$F$2:$F$201,MATCH($A6&"-6",Matches!$J$2:$J$201,0))),"",IF(AND(N6=INDEX(Matches!$G$2:$G$201,MATCH($A6&"-6",Matches!$J$2:$J$201,0)),O6=INDEX(Matches!$H$2:$H$201,MATCH($A6&"-6",Matches!$J$2:$J$201,0))),5,IF(SIGN(N6-O6)<>SIGN(INDEX(Matches!$G$2:$G$201,MATCH($A6&"-6",Matches!$J$2:$J$201,0))-INDEX(Matches!$H$2:$H$201,MATCH($A6&"-6",Matches!$J$2:$J$201,0))),0,IF(N6-O6=INDEX(Matches!$G$2:$G$201,MATCH($A6&"-6",Matches!$J$2:$J$201,0))-INDEX(Matches!$H$2:$H$201,MATCH($A6&"-6",Matches!$J$2:$J$201,0)),3,2))))),"")) | AD6: =IF(OR($B6="",P6="",Q6=""),"",IFERROR(IF(OR(INDEX(Matches!$I$2:$I$201,MATCH($A6&"-7",Matches!$J$2:$J$201,0))="Void",INDEX(Matches!$G$2:$G$201,MATCH($A6&"-7",Matches!$J$2:$J$201,0))="",INDEX(Matches!$H$2:$H$201,MATCH($A6&"-7",Matches!$J$2:$J$201,0))=""),"",IF(AND($C6<>"",INDEX(Matches!$F$2:$F$201,MATCH($A6&"-7",Matches!$J$2:$J$201,0))<>"",$C6>=INDEX(Matches!$F$2:$F$201,MATCH($A6&"-7",Matches!$J$2:$J$201,0))),"",IF(AND(P6=INDEX(Matches!$G$2:$G$201,MATCH($A6&"-7",Matches!$J$2:$J$201,0)),Q6=INDEX(Matches!$H$2:$H$201,MATCH($A6&"-7",Matches!$J$2:$J$201,0))),5,IF(SIGN(P6-Q6)<>SIGN(INDEX(Matches!$G$2:$G$201,MATCH($A6&"-7",Matches!$J$2:$J$201,0))-INDEX(Matches!$H$2:$H$201,MATCH($A6&"-7",Matches!$J$2:$J$201,0))),0,IF(P6-Q6=INDEX(Matches!$G$2:$G$201,MATCH($A6&"-7",Matches!$J$2:$J$201,0))-INDEX(Matches!$H$2:$H$201,MATCH($A6&"-7",Matches!$J$2:$J$201,0)),3,2))))),"")) | AE6: =IF(OR($B6="",R6="",S6=""),"",IFERROR(IF(OR(INDEX(Matches!$I$2:$I$201,MATCH($A6&"-8",Matches!$J$2:$J$201,0))="Void",INDEX(Matches!$G$2:$G$201,MATCH($A6&"-8",Matches!$J$2:$J$201,0))="",INDEX(Matches!$H$2:$H$201,MATCH($A6&"-8",Matches!$J$2:$J$201,0))=""),"",IF(AND($C6<>"",INDEX(Matches!$F$2:$F$201,MATCH($A6&"-8",Matches!$J$2:$J$201,0))<>"",$C6>=INDEX(Matches!$F$2:$F$201,MATCH($A6&"-8",Matches!$J$2:$J$201,0))),"",IF(AND(R6=INDEX(Matches!$G$2:$G$201,MATCH($A6&"-8",Matches!$J$2:$J$201,0)),S6=INDEX(Matches!$H$2:$H$201,MATCH($A6&"-8",Matches!$J$2:$J$201,0))),5,IF(SIGN(R6-S6)<>SIGN(INDEX(Matches!$G$2:$G$201,MATCH($A6&"-8",Matches!$J$2:$J$201,0))-INDEX(Matches!$H$2:$H$201,MATCH($A6&"-8",Matches!$J$2:$J$201,0))),0,IF(R6-S6=INDEX(Matches!$G$2:$G$201,MATCH($A6&"-8",Matches!$J$2:$J$201,0))-INDEX(Matches!$H$2:$H$201,MATCH($A6&"-8",Matches!$J$2:$J$201,0)),3,2))))),"")) | AF6: =IF(OR($B6="",T6="",U6=""),"",IFERROR(IF(OR(INDEX(Matches!$I$2:$I$201,MATCH($A6&"-9",Matches!$J$2:$J$201,0))="Void",INDEX(Matches!$G$2:$G$201,MATCH($A6&"-9",Matches!$J$2:$J$201,0))="",INDEX(Matches!$H$2:$H$201,MATCH($A6&"-9",Matches!$J$2:$J$201,0))=""),"",IF(AND($C6<>"",INDEX(Matches!$F$2:$F$201,MATCH($A6&"-9",Matches!$J$2:$J$201,0))<>"",$C6>=INDEX(Matches!$F$2:$F$201,MATCH($A6&"-9",Matches!$J$2:$J$201,0))),"",IF(AND(T6=INDEX(Matches!$G$2:$G$201,MATCH($A6&"-9",Matches!$J$2:$J$201,0)),U6=INDEX(Matches!$H$2:$H$201,MATCH($A6&"-9",Matches!$J$2:$J$201,0))),5,IF(SIGN(T6-U6)<>SIGN(INDEX(Matches!$G$2:$G$201,MATCH($A6&"-9",Matches!$J$2:$J$201,0))-INDEX(Matches!$H$2:$H$201,MATCH($A6&"-9",Matches!$J$2:$J$201,0))),0,IF(T6-U6=INDEX(Matches!$G$2:$G$201,MATCH($A6&"-9",Matches!$J$2:$J$201,0))-INDEX(Matches!$H$2:$H$201,MATCH($A6&"-9",Matches!$J$2:$J$201,0)),3,2))))),"")) | AG6: =IF(OR($B6="",V6="",W6=""),"",IFERROR(IF(OR(INDEX(Matches!$I$2:$I$201,MATCH($A6&"-10",Matches!$J$2:$J$201,0))="Void",INDEX(Matches!$G$2:$G$201,MATCH($A6&"-10",Matches!$J$2:$J$201,0))="",INDEX(Matches!$H$2:$H$201,MATCH($A6&"-10",Matches!$J$2:$J$201,0))=""),"",IF(AND($C6<>"",INDEX(Matches!$F$2:$F$201,MATCH($A6&"-10",Matches!$J$2:$J$201,0))<>"",$C6>=INDEX(Matches!$F$2:$F$201,MATCH($A6&"-10",Matches!$J$2:$J$201,0))),"",IF(AND(V6=INDEX(Matches!$G$2:$G$201,MATCH($A6&"-10",Matches!$J$2:$J$201,0)),W6=INDEX(Matches!$H$2:$H$201,MATCH($A6&"-10",Matches!$J$2:$J$201,0))),5,IF(SIGN(V6-W6)<>SIGN(INDEX(Matches!$G$2:$G$201,MATCH($A6&"-10",Matches!$J$2:$J$201,0))-INDEX(Matches!$H$2:$H$201,MATCH($A6&"-10",Matches!$J$2:$J$201,0))),0,IF(V6-W6=INDEX(Matches!$G$2:$G$201,MATCH($A6&"-10",Matches!$J$2:$J$201,0))-INDEX(Matches!$H$2:$H$201,MATCH($A6&"-10",Matches!$J$2:$J$201,0)),3,2))))),"")) | AH6: =IF($B6="","",SUM(X6:AG6)) | AI6: =IF($B6="","",COUNTIF(X6:AG6,5)) | AJ6: =IF($B6="","",COUNTIF(X6:AG6,">=2")) | AK6: =IF($B6="","",COUNT(X6:AG6))
X7: =IF(OR($B7="",D7="",E7=""),"",IFERROR(IF(OR(INDEX(Matches!$I$2:$I$201,MATCH($A7&"-1",Matches!$J$2:$J$201,0))="Void",INDEX(Matches!$G$2:$G$201,MATCH($A7&"-1",Matches!$J$2:$J$201,0))="",INDEX(Matches!$H$2:$H$201,MATCH($A7&"-1",Matches!$J$2:$J$201,0))=""),"",IF(AND($C7<>"",INDEX(Matches!$F$2:$F$201,MATCH($A7&"-1",Matches!$J$2:$J$201,0))<>"",$C7>=INDEX(Matches!$F$2:$F$201,MATCH($A7&"-1",Matches!$J$2:$J$201,0))),"",IF(AND(D7=INDEX(Matches!$G$2:$G$201,MATCH($A7&"-1",Matches!$J$2:$J$201,0)),E7=INDEX(Matches!$H$2:$H$201,MATCH($A7&"-1",Matches!$J$2:$J$201,0))),5,IF(SIGN(D7-E7)<>SIGN(INDEX(Matches!$G$2:$G$201,MATCH($A7&"-1",Matches!$J$2:$J$201,0))-INDEX(Matches!$H$2:$H$201,MATCH($A7&"-1",Matches!$J$2:$J$201,0))),0,IF(D7-E7=INDEX(Matches!$G$2:$G$201,MATCH($A7&"-1",Matches!$J$2:$J$201,0))-INDEX(Matches!$H$2:$H$201,MATCH($A7&"-1",Matches!$J$2:$J$201,0)),3,2))))),"")) | Y7: =IF(OR($B7="",F7="",G7=""),"",IFERROR(IF(OR(INDEX(Matches!$I$2:$I$201,MATCH($A7&"-2",Matches!$J$2:$J$201,0))="Void",INDEX(Matches!$G$2:$G$201,MATCH($A7&"-2",Matches!$J$2:$J$201,0))="",INDEX(Matches!$H$2:$H$201,MATCH($A7&"-2",Matches!$J$2:$J$201,0))=""),"",IF(AND($C7<>"",INDEX(Matches!$F$2:$F$201,MATCH($A7&"-2",Matches!$J$2:$J$201,0))<>"",$C7>=INDEX(Matches!$F$2:$F$201,MATCH($A7&"-2",Matches!$J$2:$J$201,0))),"",IF(AND(F7=INDEX(Matches!$G$2:$G$201,MATCH($A7&"-2",Matches!$J$2:$J$201,0)),G7=INDEX(Matches!$H$2:$H$201,MATCH($A7&"-2",Matches!$J$2:$J$201,0))),5,IF(SIGN(F7-G7)<>SIGN(INDEX(Matches!$G$2:$G$201,MATCH($A7&"-2",Matches!$J$2:$J$201,0))-INDEX(Matches!$H$2:$H$201,MATCH($A7&"-2",Matches!$J$2:$J$201,0))),0,IF(F7-G7=INDEX(Matches!$G$2:$G$201,MATCH($A7&"-2",Matches!$J$2:$J$201,0))-INDEX(Matches!$H$2:$H$201,MATCH($A7&"-2",Matches!$J$2:$J$201,0)),3,2))))),"")) | Z7: =IF(OR($B7="",H7="",I7=""),"",IFERROR(IF(OR(INDEX(Matches!$I$2:$I$201,MATCH($A7&"-3",Matches!$J$2:$J$201,0))="Void",INDEX(Matches!$G$2:$G$201,MATCH($A7&"-3",Matches!$J$2:$J$201,0))="",INDEX(Matches!$H$2:$H$201,MATCH($A7&"-3",Matches!$J$2:$J$201,0))=""),"",IF(AND($C7<>"",INDEX(Matches!$F$2:$F$201,MATCH($A7&"-3",Matches!$J$2:$J$201,0))<>"",$C7>=INDEX(Matches!$F$2:$F$201,MATCH($A7&"-3",Matches!$J$2:$J$201,0))),"",IF(AND(H7=INDEX(Matches!$G$2:$G$201,MATCH($A7&"-3",Matches!$J$2:$J$201,0)),I7=INDEX(Matches!$H$2:$H$201,MATCH($A7&"-3",Matches!$J$2:$J$201,0))),5,IF(SIGN(H7-I7)<>SIGN(INDEX(Matches!$G$2:$G$201,MATCH($A7&"-3",Matches!$J$2:$J$201,0))-INDEX(Matches!$H$2:$H$201,MATCH($A7&"-3",Matches!$J$2:$J$201,0))),0,IF(H7-I7=INDEX(Matches!$G$2:$G$201,MATCH($A7&"-3",Matches!$J$2:$J$201,0))-INDEX(Matches!$H$2:$H$201,MATCH($A7&"-3",Matches!$J$2:$J$201,0)),3,2))))),"")) | AA7: =IF(OR($B7="",J7="",K7=""),"",IFERROR(IF(OR(INDEX(Matches!$I$2:$I$201,MATCH($A7&"-4",Matches!$J$2:$J$201,0))="Void",INDEX(Matches!$G$2:$G$201,MATCH($A7&"-4",Matches!$J$2:$J$201,0))="",INDEX(Matches!$H$2:$H$201,MATCH($A7&"-4",Matches!$J$2:$J$201,0))=""),"",IF(AND($C7<>"",INDEX(Matches!$F$2:$F$201,MATCH($A7&"-4",Matches!$J$2:$J$201,0))<>"",$C7>=INDEX(Matches!$F$2:$F$201,MATCH($A7&"-4",Matches!$J$2:$J$201,0))),"",IF(AND(J7=INDEX(Matches!$G$2:$G$201,MATCH($A7&"-4",Matches!$J$2:$J$201,0)),K7=INDEX(Matches!$H$2:$H$201,MATCH($A7&"-4",Matches!$J$2:$J$201,0))),5,IF(SIGN(J7-K7)<>SIGN(INDEX(Matches!$G$2:$G$201,MATCH($A7&"-4",Matches!$J$2:$J$201,0))-INDEX(Matches!$H$2:$H$201,MATCH($A7&"-4",Matches!$J$2:$J$201,0))),0,IF(J7-K7=INDEX(Matches!$G$2:$G$201,MATCH($A7&"-4",Matches!$J$2:$J$201,0))-INDEX(Matches!$H$2:$H$201,MATCH($A7&"-4",Matches!$J$2:$J$201,0)),3,2))))),"")) | AB7: =IF(OR($B7="",L7="",M7=""),"",IFERROR(IF(OR(INDEX(Matches!$I$2:$I$201,MATCH($A7&"-5",Matches!$J$2:$J$201,0))="Void",INDEX(Matches!$G$2:$G$201,MATCH($A7&"-5",Matches!$J$2:$J$201,0))="",INDEX(Matches!$H$2:$H$201,MATCH($A7&"-5",Matches!$J$2:$J$201,0))=""),"",IF(AND($C7<>"",INDEX(Matches!$F$2:$F$201,MATCH($A7&"-5",Matches!$J$2:$J$201,0))<>"",$C7>=INDEX(Matches!$F$2:$F$201,MATCH($A7&"-5",Matches!$J$2:$J$201,0))),"",IF(AND(L7=INDEX(Matches!$G$2:$G$201,MATCH($A7&"-5",Matches!$J$2:$J$201,0)),M7=INDEX(Matches!$H$2:$H$201,MATCH($A7&"-5",Matches!$J$2:$J$201,0))),5,IF(SIGN(L7-M7)<>SIGN(INDEX(Matches!$G$2:$G$201,MATCH($A7&"-5",Matches!$J$2:$J$201,0))-INDEX(Matches!$H$2:$H$201,MATCH($A7&"-5",Matches!$J$2:$J$201,0))),0,IF(L7-M7=INDEX(Matches!$G$2:$G$201,MATCH($A7&"-5",Matches!$J$2:$J$201,0))-INDEX(Matches!$H$2:$H$201,MATCH($A7&"-5",Matches!$J$2:$J$201,0)),3,2))))),"")) | AC7: =IF(OR($B7="",N7="",O7=""),"",IFERROR(IF(OR(INDEX(Matches!$I$2:$I$201,MATCH($A7&"-6",Matches!$J$2:$J$201,0))="Void",INDEX(Matches!$G$2:$G$201,MATCH($A7&"-6",Matches!$J$2:$J$201,0))="",INDEX(Matches!$H$2:$H$201,MATCH($A7&"-6",Matches!$J$2:$J$201,0))=""),"",IF(AND($C7<>"",INDEX(Matches!$F$2:$F$201,MATCH($A7&"-6",Matches!$J$2:$J$201,0))<>"",$C7>=INDEX(Matches!$F$2:$F$201,MATCH($A7&"-6",Matches!$J$2:$J$201,0))),"",IF(AND(N7=INDEX(Matches!$G$2:$G$201,MATCH($A7&"-6",Matches!$J$2:$J$201,0)),O7=INDEX(Matches!$H$2:$H$201,MATCH($A7&"-6",Matches!$J$2:$J$201,0))),5,IF(SIGN(N7-O7)<>SIGN(INDEX(Matches!$G$2:$G$201,MATCH($A7&"-6",Matches!$J$2:$J$201,0))-INDEX(Matches!$H$2:$H$201,MATCH($A7&"-6",Matches!$J$2:$J$201,0))),0,IF(N7-O7=INDEX(Matches!$G$2:$G$201,MATCH($A7&"-6",Matches!$J$2:$J$201,0))-INDEX(Matches!$H$2:$H$201,MATCH($A7&"-6",Matches!$J$2:$J$201,0)),3,2))))),"")) | AD7: =IF(OR($B7="",P7="",Q7=""),"",IFERROR(IF(OR(INDEX(Matches!$I$2:$I$201,MATCH($A7&"-7",Matches!$J$2:$J$201,0))="Void",INDEX(Matches!$G$2:$G$201,MATCH($A7&"-7",Matches!$J$2:$J$201,0))="",INDEX(Matches!$H$2:$H$201,MATCH($A7&"-7",Matches!$J$2:$J$201,0))=""),"",IF(AND($C7<>"",INDEX(Matches!$F$2:$F$201,MATCH($A7&"-7",Matches!$J$2:$J$201,0))<>"",$C7>=INDEX(Matches!$F$2:$F$201,MATCH($A7&"-7",Matches!$J$2:$J$201,0))),"",IF(AND(P7=INDEX(Matches!$G$2:$G$201,MATCH($A7&"-7",Matches!$J$2:$J$201,0)),Q7=INDEX(Matches!$H$2:$H$201,MATCH($A7&"-7",Matches!$J$2:$J$201,0))),5,IF(SIGN(P7-Q7)<>SIGN(INDEX(Matches!$G$2:$G$201,MATCH($A7&"-7",Matches!$J$2:$J$201,0))-INDEX(Matches!$H$2:$H$201,MATCH($A7&"-7",Matches!$J$2:$J$201,0))),0,IF(P7-Q7=INDEX(Matches!$G$2:$G$201,MATCH($A7&"-7",Matches!$J$2:$J$201,0))-INDEX(Matches!$H$2:$H$201,MATCH($A7&"-7",Matches!$J$2:$J$201,0)),3,2))))),"")) | AE7: =IF(OR($B7="",R7="",S7=""),"",IFERROR(IF(OR(INDEX(Matches!$I$2:$I$201,MATCH($A7&"-8",Matches!$J$2:$J$201,0))="Void",INDEX(Matches!$G$2:$G$201,MATCH($A7&"-8",Matches!$J$2:$J$201,0))="",INDEX(Matches!$H$2:$H$201,MATCH($A7&"-8",Matches!$J$2:$J$201,0))=""),"",IF(AND($C7<>"",INDEX(Matches!$F$2:$F$201,MATCH($A7&"-8",Matches!$J$2:$J$201,0))<>"",$C7>=INDEX(Matches!$F$2:$F$201,MATCH($A7&"-8",Matches!$J$2:$J$201,0))),"",IF(AND(R7=INDEX(Matches!$G$2:$G$201,MATCH($A7&"-8",Matches!$J$2:$J$201,0)),S7=INDEX(Matches!$H$2:$H$201,MATCH($A7&"-8",Matches!$J$2:$J$201,0))),5,IF(SIGN(R7-S7)<>SIGN(INDEX(Matches!$G$2:$G$201,MATCH($A7&"-8",Matches!$J$2:$J$201,0))-INDEX(Matches!$H$2:$H$201,MATCH($A7&"-8",Matches!$J$2:$J$201,0))),0,IF(R7-S7=INDEX(Matches!$G$2:$G$201,MATCH($A7&"-8",Matches!$J$2:$J$201,0))-INDEX(Matches!$H$2:$H$201,MATCH($A7&"-8",Matches!$J$2:$J$201,0)),3,2))))),"")) | AF7: =IF(OR($B7="",T7="",U7=""),"",IFERROR(IF(OR(INDEX(Matches!$I$2:$I$201,MATCH($A7&"-9",Matches!$J$2:$J$201,0))="Void",INDEX(Matches!$G$2:$G$201,MATCH($A7&"-9",Matches!$J$2:$J$201,0))="",INDEX(Matches!$H$2:$H$201,MATCH($A7&"-9",Matches!$J$2:$J$201,0))=""),"",IF(AND($C7<>"",INDEX(Matches!$F$2:$F$201,MATCH($A7&"-9",Matches!$J$2:$J$201,0))<>"",$C7>=INDEX(Matches!$F$2:$F$201,MATCH($A7&"-9",Matches!$J$2:$J$201,0))),"",IF(AND(T7=INDEX(Matches!$G$2:$G$201,MATCH($A7&"-9",Matches!$J$2:$J$201,0)),U7=INDEX(Matches!$H$2:$H$201,MATCH($A7&"-9",Matches!$J$2:$J$201,0))),5,IF(SIGN(T7-U7)<>SIGN(INDEX(Matches!$G$2:$G$201,MATCH($A7&"-9",Matches!$J$2:$J$201,0))-INDEX(Matches!$H$2:$H$201,MATCH($A7&"-9",Matches!$J$2:$J$201,0))),0,IF(T7-U7=INDEX(Matches!$G$2:$G$201,MATCH($A7&"-9",Matches!$J$2:$J$201,0))-INDEX(Matches!$H$2:$H$201,MATCH($A7&"-9",Matches!$J$2:$J$201,0)),3,2))))),"")) | AG7: =IF(OR($B7="",V7="",W7=""),"",IFERROR(IF(OR(INDEX(Matches!$I$2:$I$201,MATCH($A7&"-10",Matches!$J$2:$J$201,0))="Void",INDEX(Matches!$G$2:$G$201,MATCH($A7&"-10",Matches!$J$2:$J$201,0))="",INDEX(Matches!$H$2:$H$201,MATCH($A7&"-10",Matches!$J$2:$J$201,0))=""),"",IF(AND($C7<>"",INDEX(Matches!$F$2:$F$201,MATCH($A7&"-10",Matches!$J$2:$J$201,0))<>"",$C7>=INDEX(Matches!$F$2:$F$201,MATCH($A7&"-10",Matches!$J$2:$J$201,0))),"",IF(AND(V7=INDEX(Matches!$G$2:$G$201,MATCH($A7&"-10",Matches!$J$2:$J$201,0)),W7=INDEX(Matches!$H$2:$H$201,MATCH($A7&"-10",Matches!$J$2:$J$201,0))),5,IF(SIGN(V7-W7)<>SIGN(INDEX(Matches!$G$2:$G$201,MATCH($A7&"-10",Matches!$J$2:$J$201,0))-INDEX(Matches!$H$2:$H$201,MATCH($A7&"-10",Matches!$J$2:$J$201,0))),0,IF(V7-W7=INDEX(Matches!$G$2:$G$201,MATCH($A7&"-10",Matches!$J$2:$J$201,0))-INDEX(Matches!$H$2:$H$201,MATCH($A7&"-10",Matches!$J$2:$J$201,0)),3,2))))),"")) | AH7: =IF($B7="","",SUM(X7:AG7)) | AI7: =IF($B7="","",COUNTIF(X7:AG7,5)) | AJ7: =IF($B7="","",COUNTIF(X7:AG7,">=2")) | AK7: =IF($B7="","",COUNT(X7:AG7))
X8: =IF(OR($B8="",D8="",E8=""),"",IFERROR(IF(OR(INDEX(Matches!$I$2:$I$201,MATCH($A8&"-1",Matches!$J$2:$J$201,0))="Void",INDEX(Matches!$G$2:$G$201,MATCH($A8&"-1",Matches!$J$2:$J$201,0))="",INDEX(Matches!$H$2:$H$201,MATCH($A8&"-1",Matches!$J$2:$J$201,0))=""),"",IF(AND($C8<>"",INDEX(Matches!$F$2:$F$201,MATCH($A8&"-1",Matches!$J$2:$J$201,0))<>"",$C8>=INDEX(Matches!$F$2:$F$201,MATCH($A8&"-1",Matches!$J$2:$J$201,0))),"",IF(AND(D8=INDEX(Matches!$G$2:$G$201,MATCH($A8&"-1",Matches!$J$2:$J$201,0)),E8=INDEX(Matches!$H$2:$H$201,MATCH($A8&"-1",Matches!$J$2:$J$201,0))),5,IF(SIGN(D8-E8)<>SIGN(INDEX(Matches!$G$2:$G$201,MATCH($A8&"-1",Matches!$J$2:$J$201,0))-INDEX(Matches!$H$2:$H$201,MATCH($A8&"-1",Matches!$J$2:$J$201,0))),0,IF(D8-E8=INDEX(Matches!$G$2:$G$201,MATCH($A8&"-1",Matches!$J$2:$J$201,0))-INDEX(Matches!$H$2:$H$201,MATCH($A8&"-1",Matches!$J$2:$J$201,0)),3,2))))),"")) | Y8: =IF(OR($B8="",F8="",G8=""),"",IFERROR(IF(OR(INDEX(Matches!$I$2:$I$201,MATCH($A8&"-2",Matches!$J$2:$J$201,0))="Void",INDEX(Matches!$G$2:$G$201,MATCH($A8&"-2",Matches!$J$2:$J$201,0))="",INDEX(Matches!$H$2:$H$201,MATCH($A8&"-2",Matches!$J$2:$J$201,0))=""),"",IF(AND($C8<>"",INDEX(Matches!$F$2:$F$201,MATCH($A8&"-2",Matches!$J$2:$J$201,0))<>"",$C8>=INDEX(Matches!$F$2:$F$201,MATCH($A8&"-2",Matches!$J$2:$J$201,0))),"",IF(AND(F8=INDEX(Matches!$G$2:$G$201,MATCH($A8&"-2",Matches!$J$2:$J$201,0)),G8=INDEX(Matches!$H$2:$H$201,MATCH($A8&"-2",Matches!$J$2:$J$201,0))),5,IF(SIGN(F8-G8)<>SIGN(INDEX(Matches!$G$2:$G$201,MATCH($A8&"-2",Matches!$J$2:$J$201,0))-INDEX(Matches!$H$2:$H$201,MATCH($A8&"-2",Matches!$J$2:$J$201,0))),0,IF(F8-G8=INDEX(Matches!$G$2:$G$201,MATCH($A8&"-2",Matches!$J$2:$J$201,0))-INDEX(Matches!$H$2:$H$201,MATCH($A8&"-2",Matches!$J$2:$J$201,0)),3,2))))),"")) | Z8: =IF(OR($B8="",H8="",I8=""),"",IFERROR(IF(OR(INDEX(Matches!$I$2:$I$201,MATCH($A8&"-3",Matches!$J$2:$J$201,0))="Void",INDEX(Matches!$G$2:$G$201,MATCH($A8&"-3",Matches!$J$2:$J$201,0))="",INDEX(Matches!$H$2:$H$201,MATCH($A8&"-3",Matches!$J$2:$J$201,0))=""),"",IF(AND($C8<>"",INDEX(Matches!$F$2:$F$201,MATCH($A8&"-3",Matches!$J$2:$J$201,0))<>"",$C8>=INDEX(Matches!$F$2:$F$201,MATCH($A8&"-3",Matches!$J$2:$J$201,0))),"",IF(AND(H8=INDEX(Matches!$G$2:$G$201,MATCH($A8&"-3",Matches!$J$2:$J$201,0)),I8=INDEX(Matches!$H$2:$H$201,MATCH($A8&"-3",Matches!$J$2:$J$201,0))),5,IF(SIGN(H8-I8)<>SIGN(INDEX(Matches!$G$2:$G$201,MATCH($A8&"-3",Matches!$J$2:$J$201,0))-INDEX(Matches!$H$2:$H$201,MATCH($A8&"-3",Matches!$J$2:$J$201,0))),0,IF(H8-I8=INDEX(Matches!$G$2:$G$201,MATCH($A8&"-3",Matches!$J$2:$J$201,0))-INDEX(Matches!$H$2:$H$201,MATCH($A8&"-3",Matches!$J$2:$J$201,0)),3,2))))),"")) | AA8: =IF(OR($B8="",J8="",K8=""),"",IFERROR(IF(OR(INDEX(Matches!$I$2:$I$201,MATCH($A8&"-4",Matches!$J$2:$J$201,0))="Void",INDEX(Matches!$G$2:$G$201,MATCH($A8&"-4",Matches!$J$2:$J$201,0))="",INDEX(Matches!$H$2:$H$201,MATCH($A8&"-4",Matches!$J$2:$J$201,0))=""),"",IF(AND($C8<>"",INDEX(Matches!$F$2:$F$201,MATCH($A8&"-4",Matches!$J$2:$J$201,0))<>"",$C8>=INDEX(Matches!$F$2:$F$201,MATCH($A8&"-4",Matches!$J$2:$J$201,0))),"",IF(AND(J8=INDEX(Matches!$G$2:$G$201,MATCH($A8&"-4",Matches!$J$2:$J$201,0)),K8=INDEX(Matches!$H$2:$H$201,MATCH($A8&"-4",Matches!$J$2:$J$201,0))),5,IF(SIGN(J8-K8)<>SIGN(INDEX(Matches!$G$2:$G$201,MATCH($A8&"-4",Matches!$J$2:$J$201,0))-INDEX(Matches!$H$2:$H$201,MATCH($A8&"-4",Matches!$J$2:$J$201,0))),0,IF(J8-K8=INDEX(Matches!$G$2:$G$201,MATCH($A8&"-4",Matches!$J$2:$J$201,0))-INDEX(Matches!$H$2:$H$201,MATCH($A8&"-4",Matches!$J$2:$J$201,0)),3,2))))),"")) | AB8: =IF(OR($B8="",L8="",M8=""),"",IFERROR(IF(OR(INDEX(Matches!$I$2:$I$201,MATCH($A8&"-5",Matches!$J$2:$J$201,0))="Void",INDEX(Matches!$G$2:$G$201,MATCH($A8&"-5",Matches!$J$2:$J$201,0))="",INDEX(Matches!$H$2:$H$201,MATCH($A8&"-5",Matches!$J$2:$J$201,0))=""),"",IF(AND($C8<>"",INDEX(Matches!$F$2:$F$201,MATCH($A8&"-5",Matches!$J$2:$J$201,0))<>"",$C8>=INDEX(Matches!$F$2:$F$201,MATCH($A8&"-5",Matches!$J$2:$J$201,0))),"",IF(AND(L8=INDEX(Matches!$G$2:$G$201,MATCH($A8&"-5",Matches!$J$2:$J$201,0)),M8=INDEX(Matches!$H$2:$H$201,MATCH($A8&"-5",Matches!$J$2:$J$201,0))),5,IF(SIGN(L8-M8)<>SIGN(INDEX(Matches!$G$2:$G$201,MATCH($A8&"-5",Matches!$J$2:$J$201,0))-INDEX(Matches!$H$2:$H$201,MATCH($A8&"-5",Matches!$J$2:$J$201,0))),0,IF(L8-M8=INDEX(Matches!$G$2:$G$201,MATCH($A8&"-5",Matches!$J$2:$J$201,0))-INDEX(Matches!$H$2:$H$201,MATCH($A8&"-5",Matches!$J$2:$J$201,0)),3,2))))),"")) | AC8: =IF(OR($B8="",N8="",O8=""),"",IFERROR(IF(OR(INDEX(Matches!$I$2:$I$201,MATCH($A8&"-6",Matches!$J$2:$J$201,0))="Void",INDEX(Matches!$G$2:$G$201,MATCH($A8&"-6",Matches!$J$2:$J$201,0))="",INDEX(Matches!$H$2:$H$201,MATCH($A8&"-6",Matches!$J$2:$J$201,0))=""),"",IF(AND($C8<>"",INDEX(Matches!$F$2:$F$201,MATCH($A8&"-6",Matches!$J$2:$J$201,0))<>"",$C8>=INDEX(Matches!$F$2:$F$201,MATCH($A8&"-6",Matches!$J$2:$J$201,0))),"",IF(AND(N8=INDEX(Matches!$G$2:$G$201,MATCH($A8&"-6",Matches!$J$2:$J$201,0)),O8=INDEX(Matches!$H$2:$H$201,MATCH($A8&"-6",Matches!$J$2:$J$201,0))),5,IF(SIGN(N8-O8)<>SIGN(INDEX(Matches!$G$2:$G$201,MATCH($A8&"-6",Matches!$J$2:$J$201,0))-INDEX(Matches!$H$2:$H$201,MATCH($A8&"-6",Matches!$J$2:$J$201,0))),0,IF(N8-O8=INDEX(Matches!$G$2:$G$201,MATCH($A8&"-6",Matches!$J$2:$J$201,0))-INDEX(Matches!$H$2:$H$201,MATCH($A8&"-6",Matches!$J$2:$J$201,0)),3,2))))),"")) | AD8: =IF(OR($B8="",P8="",Q8=""),"",IFERROR(IF(OR(INDEX(Matches!$I$2:$I$201,MATCH($A8&"-7",Matches!$J$2:$J$201,0))="Void",INDEX(Matches!$G$2:$G$201,MATCH($A8&"-7",Matches!$J$2:$J$201,0))="",INDEX(Matches!$H$2:$H$201,MATCH($A8&"-7",Matches!$J$2:$J$201,0))=""),"",IF(AND($C8<>"",INDEX(Matches!$F$2:$F$201,MATCH($A8&"-7",Matches!$J$2:$J$201,0))<>"",$C8>=INDEX(Matches!$F$2:$F$201,MATCH($A8&"-7",Matches!$J$2:$J$201,0))),"",IF(AND(P8=INDEX(Matches!$G$2:$G$201,MATCH($A8&"-7",Matches!$J$2:$J$201,0)),Q8=INDEX(Matches!$H$2:$H$201,MATCH($A8&"-7",Matches!$J$2:$J$201,0))),5,IF(SIGN(P8-Q8)<>SIGN(INDEX(Matches!$G$2:$G$201,MATCH($A8&"-7",Matches!$J$2:$J$201,0))-INDEX(Matches!$H$2:$H$201,MATCH($A8&"-7",Matches!$J$2:$J$201,0))),0,IF(P8-Q8=INDEX(Matches!$G$2:$G$201,MATCH($A8&"-7",Matches!$J$2:$J$201,0))-INDEX(Matches!$H$2:$H$201,MATCH($A8&"-7",Matches!$J$2:$J$201,0)),3,2))))),"")) | AE8: =IF(OR($B8="",R8="",S8=""),"",IFERROR(IF(OR(INDEX(Matches!$I$2:$I$201,MATCH($A8&"-8",Matches!$J$2:$J$201,0))="Void",INDEX(Matches!$G$2:$G$201,MATCH($A8&"-8",Matches!$J$2:$J$201,0))="",INDEX(Matches!$H$2:$H$201,MATCH($A8&"-8",Matches!$J$2:$J$201,0))=""),"",IF(AND($C8<>"",INDEX(Matches!$F$2:$F$201,MATCH($A8&"-8",Matches!$J$2:$J$201,0))<>"",$C8>=INDEX(Matches!$F$2:$F$201,MATCH($A8&"-8",Matches!$J$2:$J$201,0))),"",IF(AND(R8=INDEX(Matches!$G$2:$G$201,MATCH($A8&"-8",Matches!$J$2:$J$201,0)),S8=INDEX(Matches!$H$2:$H$201,MATCH($A8&"-8",Matches!$J$2:$J$201,0))),5,IF(SIGN(R8-S8)<>SIGN(INDEX(Matches!$G$2:$G$201,MATCH($A8&"-8",Matches!$J$2:$J$201,0))-INDEX(Matches!$H$2:$H$201,MATCH($A8&"-8",Matches!$J$2:$J$201,0))),0,IF(R8-S8=INDEX(Matches!$G$2:$G$201,MATCH($A8&"-8",Matches!$J$2:$J$201,0))-INDEX(Matches!$H$2:$H$201,MATCH($A8&"-8",Matches!$J$2:$J$201,0)),3,2))))),"")) | AF8: =IF(OR($B8="",T8="",U8=""),"",IFERROR(IF(OR(INDEX(Matches!$I$2:$I$201,MATCH($A8&"-9",Matches!$J$2:$J$201,0))="Void",INDEX(Matches!$G$2:$G$201,MATCH($A8&"-9",Matches!$J$2:$J$201,0))="",INDEX(Matches!$H$2:$H$201,MATCH($A8&"-9",Matches!$J$2:$J$201,0))=""),"",IF(AND($C8<>"",INDEX(Matches!$F$2:$F$201,MATCH($A8&"-9",Matches!$J$2:$J$201,0))<>"",$C8>=INDEX(Matches!$F$2:$F$201,MATCH($A8&"-9",Matches!$J$2:$J$201,0))),"",IF(AND(T8=INDEX(Matches!$G$2:$G$201,MATCH($A8&"-9",Matches!$J$2:$J$201,0)),U8=INDEX(Matches!$H$2:$H$201,MATCH($A8&"-9",Matches!$J$2:$J$201,0))),5,IF(SIGN(T8-U8)<>SIGN(INDEX(Matches!$G$2:$G$201,MATCH($A8&"-9",Matches!$J$2:$J$201,0))-INDEX(Matches!$H$2:$H$201,MATCH($A8&"-9",Matches!$J$2:$J$201,0))),0,IF(T8-U8=INDEX(Matches!$G$2:$G$201,MATCH($A8&"-9",Matches!$J$2:$J$201,0))-INDEX(Matches!$H$2:$H$201,MATCH($A8&"-9",Matches!$J$2:$J$201,0)),3,2))))),"")) | AG8: =IF(OR($B8="",V8="",W8=""),"",IFERROR(IF(OR(INDEX(Matches!$I$2:$I$201,MATCH($A8&"-10",Matches!$J$2:$J$201,0))="Void",INDEX(Matches!$G$2:$G$201,MATCH($A8&"-10",Matches!$J$2:$J$201,0))="",INDEX(Matches!$H$2:$H$201,MATCH($A8&"-10",Matches!$J$2:$J$201,0))=""),"",IF(AND($C8<>"",INDEX(Matches!$F$2:$F$201,MATCH($A8&"-10",Matches!$J$2:$J$201,0))<>"",$C8>=INDEX(Matches!$F$2:$F$201,MATCH($A8&"-10",Matches!$J$2:$J$201,0))),"",IF(AND(V8=INDEX(Matches!$G$2:$G$201,MATCH($A8&"-10",Matches!$J$2:$J$201,0)),W8=INDEX(Matches!$H$2:$H$201,MATCH($A8&"-10",Matches!$J$2:$J$201,0))),5,IF(SIGN(V8-W8)<>SIGN(INDEX(Matches!$G$2:$G$201,MATCH($A8&"-10",Matches!$J$2:$J$201,0))-INDEX(Matches!$H$2:$H$201,MATCH($A8&"-10",Matches!$J$2:$J$201,0))),0,IF(V8-W8=INDEX(Matches!$G$2:$G$201,MATCH($A8&"-10",Matches!$J$2:$J$201,0))-INDEX(Matches!$H$2:$H$201,MATCH($A8&"-10",Matches!$J$2:$J$201,0)),3,2))))),"")) | AH8: =IF($B8="","",SUM(X8:AG8)) | AI8: =IF($B8="","",COUNTIF(X8:AG8,5)) | AJ8: =IF($B8="","",COUNTIF(X8:AG8,">=2")) | AK8: =IF($B8="","",COUNT(X8:AG8))
X9: =IF(OR($B9="",D9="",E9=""),"",IFERROR(IF(OR(INDEX(Matches!$I$2:$I$201,MATCH($A9&"-1",Matches!$J$2:$J$201,0))="Void",INDEX(Matches!$G$2:$G$201,MATCH($A9&"-1",Matches!$J$2:$J$201,0))="",INDEX(Matches!$H$2:$H$201,MATCH($A9&"-1",Matches!$J$2:$J$201,0))=""),"",IF(AND($C9<>"",INDEX(Matches!$F$2:$F$201,MATCH($A9&"-1",Matches!$J$2:$J$201,0))<>"",$C9>=INDEX(Matches!$F$2:$F$201,MATCH($A9&"-1",Matches!$J$2:$J$201,0))),"",IF(AND(D9=INDEX(Matches!$G$2:$G$201,MATCH($A9&"-1",Matches!$J$2:$J$201,0)),E9=INDEX(Matches!$H$2:$H$201,MATCH($A9&"-1",Matches!$J$2:$J$201,0))),5,IF(SIGN(D9-E9)<>SIGN(INDEX(Matches!$G$2:$G$201,MATCH($A9&"-1",Matches!$J$2:$J$201,0))-INDEX(Matches!$H$2:$H$201,MATCH($A9&"-1",Matches!$J$2:$J$201,0))),0,IF(D9-E9=INDEX(Matches!$G$2:$G$201,MATCH($A9&"-1",Matches!$J$2:$J$201,0))-INDEX(Matches!$H$2:$H$201,MATCH($A9&"-1",Matches!$J$2:$J$201,0)),3,2))))),"")) | Y9: =IF(OR($B9="",F9="",G9=""),"",IFERROR(IF(OR(INDEX(Matches!$I$2:$I$201,MATCH($A9&"-2",Matches!$J$2:$J$201,0))="Void",INDEX(Matches!$G$2:$G$201,MATCH($A9&"-2",Matches!$J$2:$J$201,0))="",INDEX(Matches!$H$2:$H$201,MATCH($A9&"-2",Matches!$J$2:$J$201,0))=""),"",IF(AND($C9<>"",INDEX(Matches!$F$2:$F$201,MATCH($A9&"-2",Matches!$J$2:$J$201,0))<>"",$C9>=INDEX(Matches!$F$2:$F$201,MATCH($A9&"-2",Matches!$J$2:$J$201,0))),"",IF(AND(F9=INDEX(Matches!$G$2:$G$201,MATCH($A9&"-2",Matches!$J$2:$J$201,0)),G9=INDEX(Matches!$H$2:$H$201,MATCH($A9&"-2",Matches!$J$2:$J$201,0))),5,IF(SIGN(F9-G9)<>SIGN(INDEX(Matches!$G$2:$G$201,MATCH($A9&"-2",Matches!$J$2:$J$201,0))-INDEX(Matches!$H$2:$H$201,MATCH($A9&"-2",Matches!$J$2:$J$201,0))),0,IF(F9-G9=INDEX(Matches!$G$2:$G$201,MATCH($A9&"-2",Matches!$J$2:$J$201,0))-INDEX(Matches!$H$2:$H$201,MATCH($A9&"-2",Matches!$J$2:$J$201,0)),3,2))))),"")) | Z9: =IF(OR($B9="",H9="",I9=""),"",IFERROR(IF(OR(INDEX(Matches!$I$2:$I$201,MATCH($A9&"-3",Matches!$J$2:$J$201,0))="Void",INDEX(Matches!$G$2:$G$201,MATCH($A9&"-3",Matches!$J$2:$J$201,0))="",INDEX(Matches!$H$2:$H$201,MATCH($A9&"-3",Matches!$J$2:$J$201,0))=""),"",IF(AND($C9<>"",INDEX(Matches!$F$2:$F$201,MATCH($A9&"-3",Matches!$J$2:$J$201,0))<>"",$C9>=INDEX(Matches!$F$2:$F$201,MATCH($A9&"-3",Matches!$J$2:$J$201,0))),"",IF(AND(H9=INDEX(Matches!$G$2:$G$201,MATCH($A9&"-3",Matches!$J$2:$J$201,0)),I9=INDEX(Matches!$H$2:$H$201,MATCH($A9&"-3",Matches!$J$2:$J$201,0))),5,IF(SIGN(H9-I9)<>SIGN(INDEX(Matches!$G$2:$G$201,MATCH($A9&"-3",Matches!$J$2:$J$201,0))-INDEX(Matches!$H$2:$H$201,MATCH($A9&"-3",Matches!$J$2:$J$201,0))),0,IF(H9-I9=INDEX(Matches!$G$2:$G$201,MATCH($A9&"-3",Matches!$J$2:$J$201,0))-INDEX(Matches!$H$2:$H$201,MATCH($A9&"-3",Matches!$J$2:$J$201,0)),3,2))))),"")) | AA9: =IF(OR($B9="",J9="",K9=""),"",IFERROR(IF(OR(INDEX(Matches!$I$2:$I$201,MATCH($A9&"-4",Matches!$J$2:$J$201,0))="Void",INDEX(Matches!$G$2:$G$201,MATCH($A9&"-4",Matches!$J$2:$J$201,0))="",INDEX(Matches!$H$2:$H$201,MATCH($A9&"-4",Matches!$J$2:$J$201,0))=""),"",IF(AND($C9<>"",INDEX(Matches!$F$2:$F$201,MATCH($A9&"-4",Matches!$J$2:$J$201,0))<>"",$C9>=INDEX(Matches!$F$2:$F$201,MATCH($A9&"-4",Matches!$J$2:$J$201,0))),"",IF(AND(J9=INDEX(Matches!$G$2:$G$201,MATCH($A9&"-4",Matches!$J$2:$J$201,0)),K9=INDEX(Matches!$H$2:$H$201,MATCH($A9&"-4",Matches!$J$2:$J$201,0))),5,IF(SIGN(J9-K9)<>SIGN(INDEX(Matches!$G$2:$G$201,MATCH($A9&"-4",Matches!$J$2:$J$201,0))-INDEX(Matches!$H$2:$H$201,MATCH($A9&"-4",Matches!$J$2:$J$201,0))),0,IF(J9-K9=INDEX(Matches!$G$2:$G$201,MATCH($A9&"-4",Matches!$J$2:$J$201,0))-INDEX(Matches!$H$2:$H$201,MATCH($A9&"-4",Matches!$J$2:$J$201,0)),3,2))))),"")) | AB9: =IF(OR($B9="",L9="",M9=""),"",IFERROR(IF(OR(INDEX(Matches!$I$2:$I$201,MATCH($A9&"-5",Matches!$J$2:$J$201,0))="Void",INDEX(Matches!$G$2:$G$201,MATCH($A9&"-5",Matches!$J$2:$J$201,0))="",INDEX(Matches!$H$2:$H$201,MATCH($A9&"-5",Matches!$J$2:$J$201,0))=""),"",IF(AND($C9<>"",INDEX(Matches!$F$2:$F$201,MATCH($A9&"-5",Matches!$J$2:$J$201,0))<>"",$C9>=INDEX(Matches!$F$2:$F$201,MATCH($A9&"-5",Matches!$J$2:$J$201,0))),"",IF(AND(L9=INDEX(Matches!$G$2:$G$201,MATCH($A9&"-5",Matches!$J$2:$J$201,0)),M9=INDEX(Matches!$H$2:$H$201,MATCH($A9&"-5",Matches!$J$2:$J$201,0))),5,IF(SIGN(L9-M9)<>SIGN(INDEX(Matches!$G$2:$G$201,MATCH($A9&"-5",Matches!$J$2:$J$201,0))-INDEX(Matches!$H$2:$H$201,MATCH($A9&"-5",Matches!$J$2:$J$201,0))),0,IF(L9-M9=INDEX(Matches!$G$2:$G$201,MATCH($A9&"-5",Matches!$J$2:$J$201,0))-INDEX(Matches!$H$2:$H$201,MATCH($A9&"-5",Matches!$J$2:$J$201,0)),3,2))))),"")) | AC9: =IF(OR($B9="",N9="",O9=""),"",IFERROR(IF(OR(INDEX(Matches!$I$2:$I$201,MATCH($A9&"-6",Matches!$J$2:$J$201,0))="Void",INDEX(Matches!$G$2:$G$201,MATCH($A9&"-6",Matches!$J$2:$J$201,0))="",INDEX(Matches!$H$2:$H$201,MATCH($A9&"-6",Matches!$J$2:$J$201,0))=""),"",IF(AND($C9<>"",INDEX(Matches!$F$2:$F$201,MATCH($A9&"-6",Matches!$J$2:$J$201,0))<>"",$C9>=INDEX(Matches!$F$2:$F$201,MATCH($A9&"-6",Matches!$J$2:$J$201,0))),"",IF(AND(N9=INDEX(Matches!$G$2:$G$201,MATCH($A9&"-6",Matches!$J$2:$J$201,0)),O9=INDEX(Matches!$H$2:$H$201,MATCH($A9&"-6",Matches!$J$2:$J$201,0))),5,IF(SIGN(N9-O9)<>SIGN(INDEX(Matches!$G$2:$G$201,MATCH($A9&"-6",Matches!$J$2:$J$201,0))-INDEX(Matches!$H$2:$H$201,MATCH($A9&"-6",Matches!$J$2:$J$201,0))),0,IF(N9-O9=INDEX(Matches!$G$2:$G$201,MATCH($A9&"-6",Matches!$J$2:$J$201,0))-INDEX(Matches!$H$2:$H$201,MATCH($A9&"-6",Matches!$J$2:$J$201,0)),3,2))))),"")) | AD9: =IF(OR($B9="",P9="",Q9=""),"",IFERROR(IF(OR(INDEX(Matches!$I$2:$I$201,MATCH($A9&"-7",Matches!$J$2:$J$201,0))="Void",INDEX(Matches!$G$2:$G$201,MATCH($A9&"-7",Matches!$J$2:$J$201,0))="",INDEX(Matches!$H$2:$H$201,MATCH($A9&"-7",Matches!$J$2:$J$201,0))=""),"",IF(AND($C9<>"",INDEX(Matches!$F$2:$F$201,MATCH($A9&"-7",Matches!$J$2:$J$201,0))<>"",$C9>=INDEX(Matches!$F$2:$F$201,MATCH($A9&"-7",Matches!$J$2:$J$201,0))),"",IF(AND(P9=INDEX(Matches!$G$2:$G$201,MATCH($A9&"-7",Matches!$J$2:$J$201,0)),Q9=INDEX(Matches!$H$2:$H$201,MATCH($A9&"-7",Matches!$J$2:$J$201,0))),5,IF(SIGN(P9-Q9)<>SIGN(INDEX(Matches!$G$2:$G$201,MATCH($A9&"-7",Matches!$J$2:$J$201,0))-INDEX(Matches!$H$2:$H$201,MATCH($A9&"-7",Matches!$J$2:$J$201,0))),0,IF(P9-Q9=INDEX(Matches!$G$2:$G$201,MATCH($A9&"-7",Matches!$J$2:$J$201,0))-INDEX(Matches!$H$2:$H$201,MATCH($A9&"-7",Matches!$J$2:$J$201,0)),3,2))))),"")) | AE9: =IF(OR($B9="",R9="",S9=""),"",IFERROR(IF(OR(INDEX(Matches!$I$2:$I$201,MATCH($A9&"-8",Matches!$J$2:$J$201,0))="Void",INDEX(Matches!$G$2:$G$201,MATCH($A9&"-8",Matches!$J$2:$J$201,0))="",INDEX(Matches!$H$2:$H$201,MATCH($A9&"-8",Matches!$J$2:$J$201,0))=""),"",IF(AND($C9<>"",INDEX(Matches!$F$2:$F$201,MATCH($A9&"-8",Matches!$J$2:$J$201,0))<>"",$C9>=INDEX(Matches!$F$2:$F$201,MATCH($A9&"-8",Matches!$J$2:$J$201,0))),"",IF(AND(R9=INDEX(Matches!$G$2:$G$201,MATCH($A9&"-8",Matches!$J$2:$J$201,0)),S9=INDEX(Matches!$H$2:$H$201,MATCH($A9&"-8",Matches!$J$2:$J$201,0))),5,IF(SIGN(R9-S9)<>SIGN(INDEX(Matches!$G$2:$G$201,MATCH($A9&"-8",Matches!$J$2:$J$201,0))-INDEX(Matches!$H$2:$H$201,MATCH($A9&"-8",Matches!$J$2:$J$201,0))),0,IF(R9-S9=INDEX(Matches!$G$2:$G$201,MATCH($A9&"-8",Matches!$J$2:$J$201,0))-INDEX(Matches!$H$2:$H$201,MATCH($A9&"-8",Matches!$J$2:$J$201,0)),3,2))))),"")) | AF9: =IF(OR($B9="",T9="",U9=""),"",IFERROR(IF(OR(INDEX(Matches!$I$2:$I$201,MATCH($A9&"-9",Matches!$J$2:$J$201,0))="Void",INDEX(Matches!$G$2:$G$201,MATCH($A9&"-9",Matches!$J$2:$J$201,0))="",INDEX(Matches!$H$2:$H$201,MATCH($A9&"-9",Matches!$J$2:$J$201,0))=""),"",IF(AND($C9<>"",INDEX(Matches!$F$2:$F$201,MATCH($A9&"-9",Matches!$J$2:$J$201,0))<>"",$C9>=INDEX(Matches!$F$2:$F$201,MATCH($A9&"-9",Matches!$J$2:$J$201,0))),"",IF(AND(T9=INDEX(Matches!$G$2:$G$201,MATCH($A9&"-9",Matches!$J$2:$J$201,0)),U9=INDEX(Matches!$H$2:$H$201,MATCH($A9&"-9",Matches!$J$2:$J$201,0))),5,IF(SIGN(T9-U9)<>SIGN(INDEX(Matches!$G$2:$G$201,MATCH($A9&"-9",Matches!$J$2:$J$201,0))-INDEX(Matches!$H$2:$H$201,MATCH($A9&"-9",Matches!$J$2:$J$201,0))),0,IF(T9-U9=INDEX(Matches!$G$2:$G$201,MATCH($A9&"-9",Matches!$J$2:$J$201,0))-INDEX(Matches!$H$2:$H$201,MATCH($A9&"-9",Matches!$J$2:$J$201,0)),3,2))))),"")) | AG9: =IF(OR($B9="",V9="",W9=""),"",IFERROR(IF(OR(INDEX(Matches!$I$2:$I$201,MATCH($A9&"-10",Matches!$J$2:$J$201,0))="Void",INDEX(Matches!$G$2:$G$201,MATCH($A9&"-10",Matches!$J$2:$J$201,0))="",INDEX(Matches!$H$2:$H$201,MATCH($A9&"-10",Matches!$J$2:$J$201,0))=""),"",IF(AND($C9<>"",INDEX(Matches!$F$2:$F$201,MATCH($A9&"-10",Matches!$J$2:$J$201,0))<>"",$C9>=INDEX(Matches!$F$2:$F$201,MATCH($A9&"-10",Matches!$J$2:$J$201,0))),"",IF(AND(V9=INDEX(Matches!$G$2:$G$201,MATCH($A9&"-10",Matches!$J$2:$J$201,0)),W9=INDEX(Matches!$H$2:$H$201,MATCH($A9&"-10",Matches!$J$2:$J$201,0))),5,IF(SIGN(V9-W9)<>SIGN(INDEX(Matches!$G$2:$G$201,MATCH($A9&"-10",Matches!$J$2:$J$201,0))-INDEX(Matches!$H$2:$H$201,MATCH($A9&"-10",Matches!$J$2:$J$201,0))),0,IF(V9-W9=INDEX(Matches!$G$2:$G$201,MATCH($A9&"-10",Matches!$J$2:$J$201,0))-INDEX(Matches!$H$2:$H$201,MATCH($A9&"-10",Matches!$J$2:$J$201,0)),3,2))))),"")) | AH9: =IF($B9="","",SUM(X9:AG9)) | AI9: =IF($B9="","",COUNTIF(X9:AG9,5)) | AJ9: =IF($B9="","",COUNTIF(X9:AG9,">=2")) | AK9: =IF($B9="","",COUNT(X9:AG9))
X10: =IF(OR($B10="",D10="",E10=""),"",IFERROR(IF(OR(INDEX(Matches!$I$2:$I$201,MATCH($A10&"-1",Matches!$J$2:$J$201,0))="Void",INDEX(Matches!$G$2:$G$201,MATCH($A10&"-1",Matches!$J$2:$J$201,0))="",INDEX(Matches!$H$2:$H$201,MATCH($A10&"-1",Matches!$J$2:$J$201,0))=""),"",IF(AND($C10<>"",INDEX(Matches!$F$2:$F$201,MATCH($A10&"-1",Matches!$J$2:$J$201,0))<>"",$C10>=INDEX(Matches!$F$2:$F$201,MATCH($A10&"-1",Matches!$J$2:$J$201,0))),"",IF(AND(D10=INDEX(Matches!$G$2:$G$201,MATCH($A10&"-1",Matches!$J$2:$J$201,0)),E10=INDEX(Matches!$H$2:$H$201,MATCH($A10&"-1",Matches!$J$2:$J$201,0))),5,IF(SIGN(D10-E10)<>SIGN(INDEX(Matches!$G$2:$G$201,MATCH($A10&"-1",Matches!$J$2:$J$201,0))-INDEX(Matches!$H$2:$H$201,MATCH($A10&"-1",Matches!$J$2:$J$201,0))),0,IF(D10-E10=INDEX(Matches!$G$2:$G$201,MATCH($A10&"-1",Matches!$J$2:$J$201,0))-INDEX(Matches!$H$2:$H$201,MATCH($A10&"-1",Matches!$J$2:$J$201,0)),3,2))))),"")) | Y10: =IF(OR($B10="",F10="",G10=""),"",IFERROR(IF(OR(INDEX(Matches!$I$2:$I$201,MATCH($A10&"-2",Matches!$J$2:$J$201,0))="Void",INDEX(Matches!$G$2:$G$201,MATCH($A10&"-2",Matches!$J$2:$J$201,0))="",INDEX(Matches!$H$2:$H$201,MATCH($A10&"-2",Matches!$J$2:$J$201,0))=""),"",IF(AND($C10<>"",INDEX(Matches!$F$2:$F$201,MATCH($A10&"-2",Matches!$J$2:$J$201,0))<>"",$C10>=INDEX(Matches!$F$2:$F$201,MATCH($A10&"-2",Matches!$J$2:$J$201,0))),"",IF(AND(F10=INDEX(Matches!$G$2:$G$201,MATCH($A10&"-2",Matches!$J$2:$J$201,0)),G10=INDEX(Matches!$H$2:$H$201,MATCH($A10&"-2",Matches!$J$2:$J$201,0))),5,IF(SIGN(F10-G10)<>SIGN(INDEX(Matches!$G$2:$G$201,MATCH($A10&"-2",Matches!$J$2:$J$201,0))-INDEX(Matches!$H$2:$H$201,MATCH($A10&"-2",Matches!$J$2:$J$201,0))),0,IF(F10-G10=INDEX(Matches!$G$2:$G$201,MATCH($A10&"-2",Matches!$J$2:$J$201,0))-INDEX(Matches!$H$2:$H$201,MATCH($A10&"-2",Matches!$J$2:$J$201,0)),3,2))))),"")) | Z10: =IF(OR($B10="",H10="",I10=""),"",IFERROR(IF(OR(INDEX(Matches!$I$2:$I$201,MATCH($A10&"-3",Matches!$J$2:$J$201,0))="Void",INDEX(Matches!$G$2:$G$201,MATCH($A10&"-3",Matches!$J$2:$J$201,0))="",INDEX(Matches!$H$2:$H$201,MATCH($A10&"-3",Matches!$J$2:$J$201,0))=""),"",IF(AND($C10<>"",INDEX(Matches!$F$2:$F$201,MATCH($A10&"-3",Matches!$J$2:$J$201,0))<>"",$C10>=INDEX(Matches!$F$2:$F$201,MATCH($A10&"-3",Matches!$J$2:$J$201,0))),"",IF(AND(H10=INDEX(Matches!$G$2:$G$201,MATCH($A10&"-3",Matches!$J$2:$J$201,0)),I10=INDEX(Matches!$H$2:$H$201,MATCH($A10&"-3",Matches!$J$2:$J$201,0))),5,IF(SIGN(H10-I10)<>SIGN(INDEX(Matches!$G$2:$G$201,MATCH($A10&"-3",Matches!$J$2:$J$201,0))-INDEX(Matches!$H$2:$H$201,MATCH($A10&"-3",Matches!$J$2:$J$201,0))),0,IF(H10-I10=INDEX(Matches!$G$2:$G$201,MATCH($A10&"-3",Matches!$J$2:$J$201,0))-INDEX(Matches!$H$2:$H$201,MATCH($A10&"-3",Matches!$J$2:$J$201,0)),3,2))))),"")) | AA10: =IF(OR($B10="",J10="",K10=""),"",IFERROR(IF(OR(INDEX(Matches!$I$2:$I$201,MATCH($A10&"-4",Matches!$J$2:$J$201,0))="Void",INDEX(Matches!$G$2:$G$201,MATCH($A10&"-4",Matches!$J$2:$J$201,0))="",INDEX(Matches!$H$2:$H$201,MATCH($A10&"-4",Matches!$J$2:$J$201,0))=""),"",IF(AND($C10<>"",INDEX(Matches!$F$2:$F$201,MATCH($A10&"-4",Matches!$J$2:$J$201,0))<>"",$C10>=INDEX(Matches!$F$2:$F$201,MATCH($A10&"-4",Matches!$J$2:$J$201,0))),"",IF(AND(J10=INDEX(Matches!$G$2:$G$201,MATCH($A10&"-4",Matches!$J$2:$J$201,0)),K10=INDEX(Matches!$H$2:$H$201,MATCH($A10&"-4",Matches!$J$2:$J$201,0))),5,IF(SIGN(J10-K10)<>SIGN(INDEX(Matches!$G$2:$G$201,MATCH($A10&"-4",Matches!$J$2:$J$201,0))-INDEX(Matches!$H$2:$H$201,MATCH($A10&"-4",Matches!$J$2:$J$201,0))),0,IF(J10-K10=INDEX(Matches!$G$2:$G$201,MATCH($A10&"-4",Matches!$J$2:$J$201,0))-INDEX(Matches!$H$2:$H$201,MATCH($A10&"-4",Matches!$J$2:$J$201,0)),3,2))))),"")) | AB10: =IF(OR($B10="",L10="",M10=""),"",IFERROR(IF(OR(INDEX(Matches!$I$2:$I$201,MATCH($A10&"-5",Matches!$J$2:$J$201,0))="Void",INDEX(Matches!$G$2:$G$201,MATCH($A10&"-5",Matches!$J$2:$J$201,0))="",INDEX(Matches!$H$2:$H$201,MATCH($A10&"-5",Matches!$J$2:$J$201,0))=""),"",IF(AND($C10<>"",INDEX(Matches!$F$2:$F$201,MATCH($A10&"-5",Matches!$J$2:$J$201,0))<>"",$C10>=INDEX(Matches!$F$2:$F$201,MATCH($A10&"-5",Matches!$J$2:$J$201,0))),"",IF(AND(L10=INDEX(Matches!$G$2:$G$201,MATCH($A10&"-5",Matches!$J$2:$J$201,0)),M10=INDEX(Matches!$H$2:$H$201,MATCH($A10&"-5",Matches!$J$2:$J$201,0))),5,IF(SIGN(L10-M10)<>SIGN(INDEX(Matches!$G$2:$G$201,MATCH($A10&"-5",Matches!$J$2:$J$201,0))-INDEX(Matches!$H$2:$H$201,MATCH($A10&"-5",Matches!$J$2:$J$201,0))),0,IF(L10-M10=INDEX(Matches!$G$2:$G$201,MATCH($A10&"-5",Matches!$J$2:$J$201,0))-INDEX(Matches!$H$2:$H$201,MATCH($A10&"-5",Matches!$J$2:$J$201,0)),3,2))))),"")) | AC10: =IF(OR($B10="",N10="",O10=""),"",IFERROR(IF(OR(INDEX(Matches!$I$2:$I$201,MATCH($A10&"-6",Matches!$J$2:$J$201,0))="Void",INDEX(Matches!$G$2:$G$201,MATCH($A10&"-6",Matches!$J$2:$J$201,0))="",INDEX(Matches!$H$2:$H$201,MATCH($A10&"-6",Matches!$J$2:$J$201,0))=""),"",IF(AND($C10<>"",INDEX(Matches!$F$2:$F$201,MATCH($A10&"-6",Matches!$J$2:$J$201,0))<>"",$C10>=INDEX(Matches!$F$2:$F$201,MATCH($A10&"-6",Matches!$J$2:$J$201,0))),"",IF(AND(N10=INDEX(Matches!$G$2:$G$201,MATCH($A10&"-6",Matches!$J$2:$J$201,0)),O10=INDEX(Matches!$H$2:$H$201,MATCH($A10&"-6",Matches!$J$2:$J$201,0))),5,IF(SIGN(N10-O10)<>SIGN(INDEX(Matches!$G$2:$G$201,MATCH($A10&"-6",Matches!$J$2:$J$201,0))-INDEX(Matches!$H$2:$H$201,MATCH($A10&"-6",Matches!$J$2:$J$201,0))),0,IF(N10-O10=INDEX(Matches!$G$2:$G$201,MATCH($A10&"-6",Matches!$J$2:$J$201,0))-INDEX(Matches!$H$2:$H$201,MATCH($A10&"-6",Matches!$J$2:$J$201,0)),3,2))))),"")) | AD10: =IF(OR($B10="",P10="",Q10=""),"",IFERROR(IF(OR(INDEX(Matches!$I$2:$I$201,MATCH($A10&"-7",Matches!$J$2:$J$201,0))="Void",INDEX(Matches!$G$2:$G$201,MATCH($A10&"-7",Matches!$J$2:$J$201,0))="",INDEX(Matches!$H$2:$H$201,MATCH($A10&"-7",Matches!$J$2:$J$201,0))=""),"",IF(AND($C10<>"",INDEX(Matches!$F$2:$F$201,MATCH($A10&"-7",Matches!$J$2:$J$201,0))<>"",$C10>=INDEX(Matches!$F$2:$F$201,MATCH($A10&"-7",Matches!$J$2:$J$201,0))),"",IF(AND(P10=INDEX(Matches!$G$2:$G$201,MATCH($A10&"-7",Matches!$J$2:$J$201,0)),Q10=INDEX(Matches!$H$2:$H$201,MATCH($A10&"-7",Matches!$J$2:$J$201,0))),5,IF(SIGN(P10-Q10)<>SIGN(INDEX(Matches!$G$2:$G$201,MATCH($A10&"-7",Matches!$J$2:$J$201,0))-INDEX(Matches!$H$2:$H$201,MATCH($A10&"-7",Matches!$J$2:$J$201,0))),0,IF(P10-Q10=INDEX(Matches!$G$2:$G$201,MATCH($A10&"-7",Matches!$J$2:$J$201,0))-INDEX(Matches!$H$2:$H$201,MATCH($A10&"-7",Matches!$J$2:$J$201,0)),3,2))))),"")) | AE10: =IF(OR($B10="",R10="",S10=""),"",IFERROR(IF(OR(INDEX(Matches!$I$2:$I$201,MATCH($A10&"-8",Matches!$J$2:$J$201,0))="Void",INDEX(Matches!$G$2:$G$201,MATCH($A10&"-8",Matches!$J$2:$J$201,0))="",INDEX(Matches!$H$2:$H$201,MATCH($A10&"-8",Matches!$J$2:$J$201,0))=""),"",IF(AND($C10<>"",INDEX(Matches!$F$2:$F$201,MATCH($A10&"-8",Matches!$J$2:$J$201,0))<>"",$C10>=INDEX(Matches!$F$2:$F$201,MATCH($A10&"-8",Matches!$J$2:$J$201,0))),"",IF(AND(R10=INDEX(Matches!$G$2:$G$201,MATCH($A10&"-8",Matches!$J$2:$J$201,0)),S10=INDEX(Matches!$H$2:$H$201,MATCH($A10&"-8",Matches!$J$2:$J$201,0))),5,IF(SIGN(R10-S10)<>SIGN(INDEX(Matches!$G$2:$G$201,MATCH($A10&"-8",Matches!$J$2:$J$201,0))-INDEX(Matches!$H$2:$H$201,MATCH($A10&"-8",Matches!$J$2:$J$201,0))),0,IF(R10-S10=INDEX(Matches!$G$2:$G$201,MATCH($A10&"-8",Matches!$J$2:$J$201,0))-INDEX(Matches!$H$2:$H$201,MATCH($A10&"-8",Matches!$J$2:$J$201,0)),3,2))))),"")) | AF10: =IF(OR($B10="",T10="",U10=""),"",IFERROR(IF(OR(INDEX(Matches!$I$2:$I$201,MATCH($A10&"-9",Matches!$J$2:$J$201,0))="Void",INDEX(Matches!$G$2:$G$201,MATCH($A10&"-9",Matches!$J$2:$J$201,0))="",INDEX(Matches!$H$2:$H$201,MATCH($A10&"-9",Matches!$J$2:$J$201,0))=""),"",IF(AND($C10<>"",INDEX(Matches!$F$2:$F$201,MATCH($A10&"-9",Matches!$J$2:$J$201,0))<>"",$C10>=INDEX(Matches!$F$2:$F$201,MATCH($A10&"-9",Matches!$J$2:$J$201,0))),"",IF(AND(T10=INDEX(Matches!$G$2:$G$201,MATCH($A10&"-9",Matches!$J$2:$J$201,0)),U10=INDEX(Matches!$H$2:$H$201,MATCH($A10&"-9",Matches!$J$2:$J$201,0))),5,IF(SIGN(T10-U10)<>SIGN(INDEX(Matches!$G$2:$G$201,MATCH($A10&"-9",Matches!$J$2:$J$201,0))-INDEX(Matches!$H$2:$H$201,MATCH($A10&"-9",Matches!$J$2:$J$201,0))),0,IF(T10-U10=INDEX(Matches!$G$2:$G$201,MATCH($A10&"-9",Matches!$J$2:$J$201,0))-INDEX(Matches!$H$2:$H$201,MATCH($A10&"-9",Matches!$J$2:$J$201,0)),3,2))))),"")) | AG10: =IF(OR($B10="",V10="",W10=""),"",IFERROR(IF(OR(INDEX(Matches!$I$2:$I$201,MATCH($A10&"-10",Matches!$J$2:$J$201,0))="Void",INDEX(Matches!$G$2:$G$201,MATCH($A10&"-10",Matches!$J$2:$J$201,0))="",INDEX(Matches!$H$2:$H$201,MATCH($A10&"-10",Matches!$J$2:$J$201,0))=""),"",IF(AND($C10<>"",INDEX(Matches!$F$2:$F$201,MATCH($A10&"-10",Matches!$J$2:$J$201,0))<>"",$C10>=INDEX(Matches!$F$2:$F$201,MATCH($A10&"-10",Matches!$J$2:$J$201,0))),"",IF(AND(V10=INDEX(Matches!$G$2:$G$201,MATCH($A10&"-10",Matches!$J$2:$J$201,0)),W10=INDEX(Matches!$H$2:$H$201,MATCH($A10&"-10",Matches!$J$2:$J$201,0))),5,IF(SIGN(V10-W10)<>SIGN(INDEX(Matches!$G$2:$G$201,MATCH($A10&"-10",Matches!$J$2:$J$201,0))-INDEX(Matches!$H$2:$H$201,MATCH($A10&"-10",Matches!$J$2:$J$201,0))),0,IF(V10-W10=INDEX(Matches!$G$2:$G$201,MATCH($A10&"-10",Matches!$J$2:$J$201,0))-INDEX(Matches!$H$2:$H$201,MATCH($A10&"-10",Matches!$J$2:$J$201,0)),3,2))))),"")) | AH10: =IF($B10="","",SUM(X10:AG10)) | AI10: =IF($B10="","",COUNTIF(X10:AG10,5)) | AJ10: =IF($B10="","",COUNTIF(X10:AG10,">=2")) | AK10: =IF($B10="","",COUNT(X10:AG10))
X11: =IF(OR($B11="",D11="",E11=""),"",IFERROR(IF(OR(INDEX(Matches!$I$2:$I$201,MATCH($A11&"-1",Matches!$J$2:$J$201,0))="Void",INDEX(Matches!$G$2:$G$201,MATCH($A11&"-1",Matches!$J$2:$J$201,0))="",INDEX(Matches!$H$2:$H$201,MATCH($A11&"-1",Matches!$J$2:$J$201,0))=""),"",IF(AND($C11<>"",INDEX(Matches!$F$2:$F$201,MATCH($A11&"-1",Matches!$J$2:$J$201,0))<>"",$C11>=INDEX(Matches!$F$2:$F$201,MATCH($A11&"-1",Matches!$J$2:$J$201,0))),"",IF(AND(D11=INDEX(Matches!$G$2:$G$201,MATCH($A11&"-1",Matches!$J$2:$J$201,0)),E11=INDEX(Matches!$H$2:$H$201,MATCH($A11&"-1",Matches!$J$2:$J$201,0))),5,IF(SIGN(D11-E11)<>SIGN(INDEX(Matches!$G$2:$G$201,MATCH($A11&"-1",Matches!$J$2:$J$201,0))-INDEX(Matches!$H$2:$H$201,MATCH($A11&"-1",Matches!$J$2:$J$201,0))),0,IF(D11-E11=INDEX(Matches!$G$2:$G$201,MATCH($A11&"-1",Matches!$J$2:$J$201,0))-INDEX(Matches!$H$2:$H$201,MATCH($A11&"-1",Matches!$J$2:$J$201,0)),3,2))))),"")) | Y11: =IF(OR($B11="",F11="",G11=""),"",IFERROR(IF(OR(INDEX(Matches!$I$2:$I$201,MATCH($A11&"-2",Matches!$J$2:$J$201,0))="Void",INDEX(Matches!$G$2:$G$201,MATCH($A11&"-2",Matches!$J$2:$J$201,0))="",INDEX(Matches!$H$2:$H$201,MATCH($A11&"-2",Matches!$J$2:$J$201,0))=""),"",IF(AND($C11<>"",INDEX(Matches!$F$2:$F$201,MATCH($A11&"-2",Matches!$J$2:$J$201,0))<>"",$C11>=INDEX(Matches!$F$2:$F$201,MATCH($A11&"-2",Matches!$J$2:$J$201,0))),"",IF(AND(F11=INDEX(Matches!$G$2:$G$201,MATCH($A11&"-2",Matches!$J$2:$J$201,0)),G11=INDEX(Matches!$H$2:$H$201,MATCH($A11&"-2",Matches!$J$2:$J$201,0))),5,IF(SIGN(F11-G11)<>SIGN(INDEX(Matches!$G$2:$G$201,MATCH($A11&"-2",Matches!$J$2:$J$201,0))-INDEX(Matches!$H$2:$H$201,MATCH($A11&"-2",Matches!$J$2:$J$201,0))),0,IF(F11-G11=INDEX(Matches!$G$2:$G$201,MATCH($A11&"-2",Matches!$J$2:$J$201,0))-INDEX(Matches!$H$2:$H$201,MATCH($A11&"-2",Matches!$J$2:$J$201,0)),3,2))))),"")) | Z11: =IF(OR($B11="",H11="",I11=""),"",IFERROR(IF(OR(INDEX(Matches!$I$2:$I$201,MATCH($A11&"-3",Matches!$J$2:$J$201,0))="Void",INDEX(Matches!$G$2:$G$201,MATCH($A11&"-3",Matches!$J$2:$J$201,0))="",INDEX(Matches!$H$2:$H$201,MATCH($A11&"-3",Matches!$J$2:$J$201,0))=""),"",IF(AND($C11<>"",INDEX(Matches!$F$2:$F$201,MATCH($A11&"-3",Matches!$J$2:$J$201,0))<>"",$C11>=INDEX(Matches!$F$2:$F$201,MATCH($A11&"-3",Matches!$J$2:$J$201,0))),"",IF(AND(H11=INDEX(Matches!$G$2:$G$201,MATCH($A11&"-3",Matches!$J$2:$J$201,0)),I11=INDEX(Matches!$H$2:$H$201,MATCH($A11&"-3",Matches!$J$2:$J$201,0))),5,IF(SIGN(H11-I11)<>SIGN(INDEX(Matches!$G$2:$G$201,MATCH($A11&"-3",Matches!$J$2:$J$201,0))-INDEX(Matches!$H$2:$H$201,MATCH($A11&"-3",Matches!$J$2:$J$201,0))),0,IF(H11-I11=INDEX(Matches!$G$2:$G$201,MATCH($A11&"-3",Matches!$J$2:$J$201,0))-INDEX(Matches!$H$2:$H$201,MATCH($A11&"-3",Matches!$J$2:$J$201,0)),3,2))))),"")) | AA11: =IF(OR($B11="",J11="",K11=""),"",IFERROR(IF(OR(INDEX(Matches!$I$2:$I$201,MATCH($A11&"-4",Matches!$J$2:$J$201,0))="Void",INDEX(Matches!$G$2:$G$201,MATCH($A11&"-4",Matches!$J$2:$J$201,0))="",INDEX(Matches!$H$2:$H$201,MATCH($A11&"-4",Matches!$J$2:$J$201,0))=""),"",IF(AND($C11<>"",INDEX(Matches!$F$2:$F$201,MATCH($A11&"-4",Matches!$J$2:$J$201,0))<>"",$C11>=INDEX(Matches!$F$2:$F$201,MATCH($A11&"-4",Matches!$J$2:$J$201,0))),"",IF(AND(J11=INDEX(Matches!$G$2:$G$201,MATCH($A11&"-4",Matches!$J$2:$J$201,0)),K11=INDEX(Matches!$H$2:$H$201,MATCH($A11&"-4",Matches!$J$2:$J$201,0))),5,IF(SIGN(J11-K11)<>SIGN(INDEX(Matches!$G$2:$G$201,MATCH($A11&"-4",Matches!$J$2:$J$201,0))-INDEX(Matches!$H$2:$H$201,MATCH($A11&"-4",Matches!$J$2:$J$201,0))),0,IF(J11-K11=INDEX(Matches!$G$2:$G$201,MATCH($A11&"-4",Matches!$J$2:$J$201,0))-INDEX(Matches!$H$2:$H$201,MATCH($A11&"-4",Matches!$J$2:$J$201,0)),3,2))))),"")) | AB11: =IF(OR($B11="",L11="",M11=""),"",IFERROR(IF(OR(INDEX(Matches!$I$2:$I$201,MATCH($A11&"-5",Matches!$J$2:$J$201,0))="Void",INDEX(Matches!$G$2:$G$201,MATCH($A11&"-5",Matches!$J$2:$J$201,0))="",INDEX(Matches!$H$2:$H$201,MATCH($A11&"-5",Matches!$J$2:$J$201,0))=""),"",IF(AND($C11<>"",INDEX(Matches!$F$2:$F$201,MATCH($A11&"-5",Matches!$J$2:$J$201,0))<>"",$C11>=INDEX(Matches!$F$2:$F$201,MATCH($A11&"-5",Matches!$J$2:$J$201,0))),"",IF(AND(L11=INDEX(Matches!$G$2:$G$201,MATCH($A11&"-5",Matches!$J$2:$J$201,0)),M11=INDEX(Matches!$H$2:$H$201,MATCH($A11&"-5",Matches!$J$2:$J$201,0))),5,IF(SIGN(L11-M11)<>SIGN(INDEX(Matches!$G$2:$G$201,MATCH($A11&"-5",Matches!$J$2:$J$201,0))-INDEX(Matches!$H$2:$H$201,MATCH($A11&"-5",Matches!$J$2:$J$201,0))),0,IF(L11-M11=INDEX(Matches!$G$2:$G$201,MATCH($A11&"-5",Matches!$J$2:$J$201,0))-INDEX(Matches!$H$2:$H$201,MATCH($A11&"-5",Matches!$J$2:$J$201,0)),3,2))))),"")) | AC11: =IF(OR($B11="",N11="",O11=""),"",IFERROR(IF(OR(INDEX(Matches!$I$2:$I$201,MATCH($A11&"-6",Matches!$J$2:$J$201,0))="Void",INDEX(Matches!$G$2:$G$201,MATCH($A11&"-6",Matches!$J$2:$J$201,0))="",INDEX(Matches!$H$2:$H$201,MATCH($A11&"-6",Matches!$J$2:$J$201,0))=""),"",IF(AND($C11<>"",INDEX(Matches!$F$2:$F$201,MATCH($A11&"-6",Matches!$J$2:$J$201,0))<>"",$C11>=INDEX(Matches!$F$2:$F$201,MATCH($A11&"-6",Matches!$J$2:$J$201,0))),"",IF(AND(N11=INDEX(Matches!$G$2:$G$201,MATCH($A11&"-6",Matches!$J$2:$J$201,0)),O11=INDEX(Matches!$H$2:$H$201,MATCH($A11&"-6",Matches!$J$2:$J$201,0))),5,IF(SIGN(N11-O11)<>SIGN(INDEX(Matches!$G$2:$G$201,MATCH($A11&"-6",Matches!$J$2:$J$201,0))-INDEX(Matches!$H$2:$H$201,MATCH($A11&"-6",Matches!$J$2:$J$201,0))),0,IF(N11-O11=INDEX(Matches!$G$2:$G$201,MATCH($A11&"-6",Matches!$J$2:$J$201,0))-INDEX(Matches!$H$2:$H$201,MATCH($A11&"-6",Matches!$J$2:$J$201,0)),3,2))))),"")) | AD11: =IF(OR($B11="",P11="",Q11=""),"",IFERROR(IF(OR(INDEX(Matches!$I$2:$I$201,MATCH($A11&"-7",Matches!$J$2:$J$201,0))="Void",INDEX(Matches!$G$2:$G$201,MATCH($A11&"-7",Matches!$J$2:$J$201,0))="",INDEX(Matches!$H$2:$H$201,MATCH($A11&"-7",Matches!$J$2:$J$201,0))=""),"",IF(AND($C11<>"",INDEX(Matches!$F$2:$F$201,MATCH($A11&"-7",Matches!$J$2:$J$201,0))<>"",$C11>=INDEX(Matches!$F$2:$F$201,MATCH($A11&"-7",Matches!$J$2:$J$201,0))),"",IF(AND(P11=INDEX(Matches!$G$2:$G$201,MATCH($A11&"-7",Matches!$J$2:$J$201,0)),Q11=INDEX(Matches!$H$2:$H$201,MATCH($A11&"-7",Matches!$J$2:$J$201,0))),5,IF(SIGN(P11-Q11)<>SIGN(INDEX(Matches!$G$2:$G$201,MATCH($A11&"-7",Matches!$J$2:$J$201,0))-INDEX(Matches!$H$2:$H$201,MATCH($A11&"-7",Matches!$J$2:$J$201,0))),0,IF(P11-Q11=INDEX(Matches!$G$2:$G$201,MATCH($A11&"-7",Matches!$J$2:$J$201,0))-INDEX(Matches!$H$2:$H$201,MATCH($A11&"-7",Matches!$J$2:$J$201,0)),3,2))))),"")) | AE11: =IF(OR($B11="",R11="",S11=""),"",IFERROR(IF(OR(INDEX(Matches!$I$2:$I$201,MATCH($A11&"-8",Matches!$J$2:$J$201,0))="Void",INDEX(Matches!$G$2:$G$201,MATCH($A11&"-8",Matches!$J$2:$J$201,0))="",INDEX(Matches!$H$2:$H$201,MATCH($A11&"-8",Matches!$J$2:$J$201,0))=""),"",IF(AND($C11<>"",INDEX(Matches!$F$2:$F$201,MATCH($A11&"-8",Matches!$J$2:$J$201,0))<>"",$C11>=INDEX(Matches!$F$2:$F$201,MATCH($A11&"-8",Matches!$J$2:$J$201,0))),"",IF(AND(R11=INDEX(Matches!$G$2:$G$201,MATCH($A11&"-8",Matches!$J$2:$J$201,0)),S11=INDEX(Matches!$H$2:$H$201,MATCH($A11&"-8",Matches!$J$2:$J$201,0))),5,IF(SIGN(R11-S11)<>SIGN(INDEX(Matches!$G$2:$G$201,MATCH($A11&"-8",Matches!$J$2:$J$201,0))-INDEX(Matches!$H$2:$H$201,MATCH($A11&"-8",Matches!$J$2:$J$201,0))),0,IF(R11-S11=INDEX(Matches!$G$2:$G$201,MATCH($A11&"-8",Matches!$J$2:$J$201,0))-INDEX(Matches!$H$2:$H$201,MATCH($A11&"-8",Matches!$J$2:$J$201,0)),3,2))))),"")) | AF11: =IF(OR($B11="",T11="",U11=""),"",IFERROR(IF(OR(INDEX(Matches!$I$2:$I$201,MATCH($A11&"-9",Matches!$J$2:$J$201,0))="Void",INDEX(Matches!$G$2:$G$201,MATCH($A11&"-9",Matches!$J$2:$J$201,0))="",INDEX(Matches!$H$2:$H$201,MATCH($A11&"-9",Matches!$J$2:$J$201,0))=""),"",IF(AND($C11<>"",INDEX(Matches!$F$2:$F$201,MATCH($A11&"-9",Matches!$J$2:$J$201,0))<>"",$C11>=INDEX(Matches!$F$2:$F$201,MATCH($A11&"-9",Matches!$J$2:$J$201,0))),"",IF(AND(T11=INDEX(Matches!$G$2:$G$201,MATCH($A11&"-9",Matches!$J$2:$J$201,0)),U11=INDEX(Matches!$H$2:$H$201,MATCH($A11&"-9",Matches!$J$2:$J$201,0))),5,IF(SIGN(T11-U11)<>SIGN(INDEX(Matches!$G$2:$G$201,MATCH($A11&"-9",Matches!$J$2:$J$201,0))-INDEX(Matches!$H$2:$H$201,MATCH($A11&"-9",Matches!$J$2:$J$201,0))),0,IF(T11-U11=INDEX(Matches!$G$2:$G$201,MATCH($A11&"-9",Matches!$J$2:$J$201,0))-INDEX(Matches!$H$2:$H$201,MATCH($A11&"-9",Matches!$J$2:$J$201,0)),3,2))))),"")) | AG11: =IF(OR($B11="",V11="",W11=""),"",IFERROR(IF(OR(INDEX(Matches!$I$2:$I$201,MATCH($A11&"-10",Matches!$J$2:$J$201,0))="Void",INDEX(Matches!$G$2:$G$201,MATCH($A11&"-10",Matches!$J$2:$J$201,0))="",INDEX(Matches!$H$2:$H$201,MATCH($A11&"-10",Matches!$J$2:$J$201,0))=""),"",IF(AND($C11<>"",INDEX(Matches!$F$2:$F$201,MATCH($A11&"-10",Matches!$J$2:$J$201,0))<>"",$C11>=INDEX(Matches!$F$2:$F$201,MATCH($A11&"-10",Matches!$J$2:$J$201,0))),"",IF(AND(V11=INDEX(Matches!$G$2:$G$201,MATCH($A11&"-10",Matches!$J$2:$J$201,0)),W11=INDEX(Matches!$H$2:$H$201,MATCH($A11&"-10",Matches!$J$2:$J$201,0))),5,IF(SIGN(V11-W11)<>SIGN(INDEX(Matches!$G$2:$G$201,MATCH($A11&"-10",Matches!$J$2:$J$201,0))-INDEX(Matches!$H$2:$H$201,MATCH($A11&"-10",Matches!$J$2:$J$201,0))),0,IF(V11-W11=INDEX(Matches!$G$2:$G$201,MATCH($A11&"-10",Matches!$J$2:$J$201,0))-INDEX(Matches!$H$2:$H$201,MATCH($A11&"-10",Matches!$J$2:$J$201,0)),3,2))))),"")) | AH11: =IF($B11="","",SUM(X11:AG11)) | AI11: =IF($B11="","",COUNTIF(X11:AG11,5)) | AJ11: =IF($B11="","",COUNTIF(X11:AG11,">=2")) | AK11: =IF($B11="","",COUNT(X11:AG11))
X12: =IF(OR($B12="",D12="",E12=""),"",IFERROR(IF(OR(INDEX(Matches!$I$2:$I$201,MATCH($A12&"-1",Matches!$J$2:$J$201,0))="Void",INDEX(Matches!$G$2:$G$201,MATCH($A12&"-1",Matches!$J$2:$J$201,0))="",INDEX(Matches!$H$2:$H$201,MATCH($A12&"-1",Matches!$J$2:$J$201,0))=""),"",IF(AND($C12<>"",INDEX(Matches!$F$2:$F$201,MATCH($A12&"-1",Matches!$J$2:$J$201,0))<>"",$C12>=INDEX(Matches!$F$2:$F$201,MATCH($A12&"-1",Matches!$J$2:$J$201,0))),"",IF(AND(D12=INDEX(Matches!$G$2:$G$201,MATCH($A12&"-1",Matches!$J$2:$J$201,0)),E12=INDEX(Matches!$H$2:$H$201,MATCH($A12&"-1",Matches!$J$2:$J$201,0))),5,IF(SIGN(D12-E12)<>SIGN(INDEX(Matches!$G$2:$G$201,MATCH($A12&"-1",Matches!$J$2:$J$201,0))-INDEX(Matches!$H$2:$H$201,MATCH($A12&"-1",Matches!$J$2:$J$201,0))),0,IF(D12-E12=INDEX(Matches!$G$2:$G$201,MATCH($A12&"-1",Matches!$J$2:$J$201,0))-INDEX(Matches!$H$2:$H$201,MATCH($A12&"-1",Matches!$J$2:$J$201,0)),3,2))))),"")) | Y12: =IF(OR($B12="",F12="",G12=""),"",IFERROR(IF(OR(INDEX(Matches!$I$2:$I$201,MATCH($A12&"-2",Matches!$J$2:$J$201,0))="Void",INDEX(Matches!$G$2:$G$201,MATCH($A12&"-2",Matches!$J$2:$J$201,0))="",INDEX(Matches!$H$2:$H$201,MATCH($A12&"-2",Matches!$J$2:$J$201,0))=""),"",IF(AND($C12<>"",INDEX(Matches!$F$2:$F$201,MATCH($A12&"-2",Matches!$J$2:$J$201,0))<>"",$C12>=INDEX(Matches!$F$2:$F$201,MATCH($A12&"-2",Matches!$J$2:$J$201,0))),"",IF(AND(F12=INDEX(Matches!$G$2:$G$201,MATCH($A12&"-2",Matches!$J$2:$J$201,0)),G12=INDEX(Matches!$H$2:$H$201,MATCH($A12&"-2",Matches!$J$2:$J$201,0))),5,IF(SIGN(F12-G12)<>SIGN(INDEX(Matches!$G$2:$G$201,MATCH($A12&"-2",Matches!$J$2:$J$201,0))-INDEX(Matches!$H$2:$H$201,MATCH($A12&"-2",Matches!$J$2:$J$201,0))),0,IF(F12-G12=INDEX(Matches!$G$2:$G$201,MATCH($A12&"-2",Matches!$J$2:$J$201,0))-INDEX(Matches!$H$2:$H$201,MATCH($A12&"-2",Matches!$J$2:$J$201,0)),3,2))))),"")) | Z12: =IF(OR($B12="",H12="",I12=""),"",IFERROR(IF(OR(INDEX(Matches!$I$2:$I$201,MATCH($A12&"-3",Matches!$J$2:$J$201,0))="Void",INDEX(Matches!$G$2:$G$201,MATCH($A12&"-3",Matches!$J$2:$J$201,0))="",INDEX(Matches!$H$2:$H$201,MATCH($A12&"-3",Matches!$J$2:$J$201,0))=""),"",IF(AND($C12<>"",INDEX(Matches!$F$2:$F$201,MATCH($A12&"-3",Matches!$J$2:$J$201,0))<>"",$C12>=INDEX(Matches!$F$2:$F$201,MATCH($A12&"-3",Matches!$J$2:$J$201,0))),"",IF(AND(H12=INDEX(Matches!$G$2:$G$201,MATCH($A12&"-3",Matches!$J$2:$J$201,0)),I12=INDEX(Matches!$H$2:$H$201,MATCH($A12&"-3",Matches!$J$2:$J$201,0))),5,IF(SIGN(H12-I12)<>SIGN(INDEX(Matches!$G$2:$G$201,MATCH($A12&"-3",Matches!$J$2:$J$201,0))-INDEX(Matches!$H$2:$H$201,MATCH($A12&"-3",Matches!$J$2:$J$201,0))),0,IF(H12-I12=INDEX(Matches!$G$2:$G$201,MATCH($A12&"-3",Matches!$J$2:$J$201,0))-INDEX(Matches!$H$2:$H$201,MATCH($A12&"-3",Matches!$J$2:$J$201,0)),3,2))))),"")) | AA12: =IF(OR($B12="",J12="",K12=""),"",IFERROR(IF(OR(INDEX(Matches!$I$2:$I$201,MATCH($A12&"-4",Matches!$J$2:$J$201,0))="Void",INDEX(Matches!$G$2:$G$201,MATCH($A12&"-4",Matches!$J$2:$J$201,0))="",INDEX(Matches!$H$2:$H$201,MATCH($A12&"-4",Matches!$J$2:$J$201,0))=""),"",IF(AND($C12<>"",INDEX(Matches!$F$2:$F$201,MATCH($A12&"-4",Matches!$J$2:$J$201,0))<>"",$C12>=INDEX(Matches!$F$2:$F$201,MATCH($A12&"-4",Matches!$J$2:$J$201,0))),"",IF(AND(J12=INDEX(Matches!$G$2:$G$201,MATCH($A12&"-4",Matches!$J$2:$J$201,0)),K12=INDEX(Matches!$H$2:$H$201,MATCH($A12&"-4",Matches!$J$2:$J$201,0))),5,IF(SIGN(J12-K12)<>SIGN(INDEX(Matches!$G$2:$G$201,MATCH($A12&"-4",Matches!$J$2:$J$201,0))-INDEX(Matches!$H$2:$H$201,MATCH($A12&"-4",Matches!$J$2:$J$201,0))),0,IF(J12-K12=INDEX(Matches!$G$2:$G$201,MATCH($A12&"-4",Matches!$J$2:$J$201,0))-INDEX(Matches!$H$2:$H$201,MATCH($A12&"-4",Matches!$J$2:$J$201,0)),3,2))))),"")) | AB12: =IF(OR($B12="",L12="",M12=""),"",IFERROR(IF(OR(INDEX(Matches!$I$2:$I$201,MATCH($A12&"-5",Matches!$J$2:$J$201,0))="Void",INDEX(Matches!$G$2:$G$201,MATCH($A12&"-5",Matches!$J$2:$J$201,0))="",INDEX(Matches!$H$2:$H$201,MATCH($A12&"-5",Matches!$J$2:$J$201,0))=""),"",IF(AND($C12<>"",INDEX(Matches!$F$2:$F$201,MATCH($A12&"-5",Matches!$J$2:$J$201,0))<>"",$C12>=INDEX(Matches!$F$2:$F$201,MATCH($A12&"-5",Matches!$J$2:$J$201,0))),"",IF(AND(L12=INDEX(Matches!$G$2:$G$201,MATCH($A12&"-5",Matches!$J$2:$J$201,0)),M12=INDEX(Matches!$H$2:$H$201,MATCH($A12&"-5",Matches!$J$2:$J$201,0))),5,IF(SIGN(L12-M12)<>SIGN(INDEX(Matches!$G$2:$G$201,MATCH($A12&"-5",Matches!$J$2:$J$201,0))-INDEX(Matches!$H$2:$H$201,MATCH($A12&"-5",Matches!$J$2:$J$201,0))),0,IF(L12-M12=INDEX(Matches!$G$2:$G$201,MATCH($A12&"-5",Matches!$J$2:$J$201,0))-INDEX(Matches!$H$2:$H$201,MATCH($A12&"-5",Matches!$J$2:$J$201,0)),3,2))))),"")) | AC12: =IF(OR($B12="",N12="",O12=""),"",IFERROR(IF(OR(INDEX(Matches!$I$2:$I$201,MATCH($A12&"-6",Matches!$J$2:$J$201,0))="Void",INDEX(Matches!$G$2:$G$201,MATCH($A12&"-6",Matches!$J$2:$J$201,0))="",INDEX(Matches!$H$2:$H$201,MATCH($A12&"-6",Matches!$J$2:$J$201,0))=""),"",IF(AND($C12<>"",INDEX(Matches!$F$2:$F$201,MATCH($A12&"-6",Matches!$J$2:$J$201,0))<>"",$C12>=INDEX(Matches!$F$2:$F$201,MATCH($A12&"-6",Matches!$J$2:$J$201,0))),"",IF(AND(N12=INDEX(Matches!$G$2:$G$201,MATCH($A12&"-6",Matches!$J$2:$J$201,0)),O12=INDEX(Matches!$H$2:$H$201,MATCH($A12&"-6",Matches!$J$2:$J$201,0))),5,IF(SIGN(N12-O12)<>SIGN(INDEX(Matches!$G$2:$G$201,MATCH($A12&"-6",Matches!$J$2:$J$201,0))-INDEX(Matches!$H$2:$H$201,MATCH($A12&"-6",Matches!$J$2:$J$201,0))),0,IF(N12-O12=INDEX(Matches!$G$2:$G$201,MATCH($A12&"-6",Matches!$J$2:$J$201,0))-INDEX(Matches!$H$2:$H$201,MATCH($A12&"-6",Matches!$J$2:$J$201,0)),3,2))))),"")) | AD12: =IF(OR($B12="",P12="",Q12=""),"",IFERROR(IF(OR(INDEX(Matches!$I$2:$I$201,MATCH($A12&"-7",Matches!$J$2:$J$201,0))="Void",INDEX(Matches!$G$2:$G$201,MATCH($A12&"-7",Matches!$J$2:$J$201,0))="",INDEX(Matches!$H$2:$H$201,MATCH($A12&"-7",Matches!$J$2:$J$201,0))=""),"",IF(AND($C12<>"",INDEX(Matches!$F$2:$F$201,MATCH($A12&"-7",Matches!$J$2:$J$201,0))<>"",$C12>=INDEX(Matches!$F$2:$F$201,MATCH($A12&"-7",Matches!$J$2:$J$201,0))),"",IF(AND(P12=INDEX(Matches!$G$2:$G$201,MATCH($A12&"-7",Matches!$J$2:$J$201,0)),Q12=INDEX(Matches!$H$2:$H$201,MATCH($A12&"-7",Matches!$J$2:$J$201,0))),5,IF(SIGN(P12-Q12)<>SIGN(INDEX(Matches!$G$2:$G$201,MATCH($A12&"-7",Matches!$J$2:$J$201,0))-INDEX(Matches!$H$2:$H$201,MATCH($A12&"-7",Matches!$J$2:$J$201,0))),0,IF(P12-Q12=INDEX(Matches!$G$2:$G$201,MATCH($A12&"-7",Matches!$J$2:$J$201,0))-INDEX(Matches!$H$2:$H$201,MATCH($A12&"-7",Matches!$J$2:$J$201,0)),3,2))))),"")) | AE12: =IF(OR($B12="",R12="",S12=""),"",IFERROR(IF(OR(INDEX(Matches!$I$2:$I$201,MATCH($A12&"-8",Matches!$J$2:$J$201,0))="Void",INDEX(Matches!$G$2:$G$201,MATCH($A12&"-8",Matches!$J$2:$J$201,0))="",INDEX(Matches!$H$2:$H$201,MATCH($A12&"-8",Matches!$J$2:$J$201,0))=""),"",IF(AND($C12<>"",INDEX(Matches!$F$2:$F$201,MATCH($A12&"-8",Matches!$J$2:$J$201,0))<>"",$C12>=INDEX(Matches!$F$2:$F$201,MATCH($A12&"-8",Matches!$J$2:$J$201,0))),"",IF(AND(R12=INDEX(Matches!$G$2:$G$201,MATCH($A12&"-8",Matches!$J$2:$J$201,0)),S12=INDEX(Matches!$H$2:$H$201,MATCH($A12&"-8",Matches!$J$2:$J$201,0))),5,IF(SIGN(R12-S12)<>SIGN(INDEX(Matches!$G$2:$G$201,MATCH($A12&"-8",Matches!$J$2:$J$201,0))-INDEX(Matches!$H$2:$H$201,MATCH($A12&"-8",Matches!$J$2:$J$201,0))),0,IF(R12-S12=INDEX(Matches!$G$2:$G$201,MATCH($A12&"-8",Matches!$J$2:$J$201,0))-INDEX(Matches!$H$2:$H$201,MATCH($A12&"-8",Matches!$J$2:$J$201,0)),3,2))))),"")) | AF12: =IF(OR($B12="",T12="",U12=""),"",IFERROR(IF(OR(INDEX(Matches!$I$2:$I$201,MATCH($A12&"-9",Matches!$J$2:$J$201,0))="Void",INDEX(Matches!$G$2:$G$201,MATCH($A12&"-9",Matches!$J$2:$J$201,0))="",INDEX(Matches!$H$2:$H$201,MATCH($A12&"-9",Matches!$J$2:$J$201,0))=""),"",IF(AND($C12<>"",INDEX(Matches!$F$2:$F$201,MATCH($A12&"-9",Matches!$J$2:$J$201,0))<>"",$C12>=INDEX(Matches!$F$2:$F$201,MATCH($A12&"-9",Matches!$J$2:$J$201,0))),"",IF(AND(T12=INDEX(Matches!$G$2:$G$201,MATCH($A12&"-9",Matches!$J$2:$J$201,0)),U12=INDEX(Matches!$H$2:$H$201,MATCH($A12&"-9",Matches!$J$2:$J$201,0))),5,IF(SIGN(T12-U12)<>SIGN(INDEX(Matches!$G$2:$G$201,MATCH($A12&"-9",Matches!$J$2:$J$201,0))-INDEX(Matches!$H$2:$H$201,MATCH($A12&"-9",Matches!$J$2:$J$201,0))),0,IF(T12-U12=INDEX(Matches!$G$2:$G$201,MATCH($A12&"-9",Matches!$J$2:$J$201,0))-INDEX(Matches!$H$2:$H$201,MATCH($A12&"-9",Matches!$J$2:$J$201,0)),3,2))))),"")) | AG12: =IF(OR($B12="",V12="",W12=""),"",IFERROR(IF(OR(INDEX(Matches!$I$2:$I$201,MATCH($A12&"-10",Matches!$J$2:$J$201,0))="Void",INDEX(Matches!$G$2:$G$201,MATCH($A12&"-10",Matches!$J$2:$J$201,0))="",INDEX(Matches!$H$2:$H$201,MATCH($A12&"-10",Matches!$J$2:$J$201,0))=""),"",IF(AND($C12<>"",INDEX(Matches!$F$2:$F$201,MATCH($A12&"-10",Matches!$J$2:$J$201,0))<>"",$C12>=INDEX(Matches!$F$2:$F$201,MATCH($A12&"-10",Matches!$J$2:$J$201,0))),"",IF(AND(V12=INDEX(Matches!$G$2:$G$201,MATCH($A12&"-10",Matches!$J$2:$J$201,0)),W12=INDEX(Matches!$H$2:$H$201,MATCH($A12&"-10",Matches!$J$2:$J$201,0))),5,IF(SIGN(V12-W12)<>SIGN(INDEX(Matches!$G$2:$G$201,MATCH($A12&"-10",Matches!$J$2:$J$201,0))-INDEX(Matches!$H$2:$H$201,MATCH($A12&"-10",Matches!$J$2:$J$201,0))),0,IF(V12-W12=INDEX(Matches!$G$2:$G$201,MATCH($A12&"-10",Matches!$J$2:$J$201,0))-INDEX(Matches!$H$2:$H$201,MATCH($A12&"-10",Matches!$J$2:$J$201,0)),3,2))))),"")) | AH12: =IF($B12="","",SUM(X12:AG12)) | AI12: =IF($B12="","",COUNTIF(X12:AG12,5)) | AJ12: =IF($B12="","",COUNTIF(X12:AG12,">=2")) | AK12: =IF($B12="","",COUNT(X12:AG12))
X13: =IF(OR($B13="",D13="",E13=""),"",IFERROR(IF(OR(INDEX(Matches!$I$2:$I$201,MATCH($A13&"-1",Matches!$J$2:$J$201,0))="Void",INDEX(Matches!$G$2:$G$201,MATCH($A13&"-1",Matches!$J$2:$J$201,0))="",INDEX(Matches!$H$2:$H$201,MATCH($A13&"-1",Matches!$J$2:$J$201,0))=""),"",IF(AND($C13<>"",INDEX(Matches!$F$2:$F$201,MATCH($A13&"-1",Matches!$J$2:$J$201,0))<>"",$C13>=INDEX(Matches!$F$2:$F$201,MATCH($A13&"-1",Matches!$J$2:$J$201,0))),"",IF(AND(D13=INDEX(Matches!$G$2:$G$201,MATCH($A13&"-1",Matches!$J$2:$J$201,0)),E13=INDEX(Matches!$H$2:$H$201,MATCH($A13&"-1",Matches!$J$2:$J$201,0))),5,IF(SIGN(D13-E13)<>SIGN(INDEX(Matches!$G$2:$G$201,MATCH($A13&"-1",Matches!$J$2:$J$201,0))-INDEX(Matches!$H$2:$H$201,MATCH($A13&"-1",Matches!$J$2:$J$201,0))),0,IF(D13-E13=INDEX(Matches!$G$2:$G$201,MATCH($A13&"-1",Matches!$J$2:$J$201,0))-INDEX(Matches!$H$2:$H$201,MATCH($A13&"-1",Matches!$J$2:$J$201,0)),3,2))))),"")) | Y13: =IF(OR($B13="",F13="",G13=""),"",IFERROR(IF(OR(INDEX(Matches!$I$2:$I$201,MATCH($A13&"-2",Matches!$J$2:$J$201,0))="Void",INDEX(Matches!$G$2:$G$201,MATCH($A13&"-2",Matches!$J$2:$J$201,0))="",INDEX(Matches!$H$2:$H$201,MATCH($A13&"-2",Matches!$J$2:$J$201,0))=""),"",IF(AND($C13<>"",INDEX(Matches!$F$2:$F$201,MATCH($A13&"-2",Matches!$J$2:$J$201,0))<>"",$C13>=INDEX(Matches!$F$2:$F$201,MATCH($A13&"-2",Matches!$J$2:$J$201,0))),"",IF(AND(F13=INDEX(Matches!$G$2:$G$201,MATCH($A13&"-2",Matches!$J$2:$J$201,0)),G13=INDEX(Matches!$H$2:$H$201,MATCH($A13&"-2",Matches!$J$2:$J$201,0))),5,IF(SIGN(F13-G13)<>SIGN(INDEX(Matches!$G$2:$G$201,MATCH($A13&"-2",Matches!$J$2:$J$201,0))-INDEX(Matches!$H$2:$H$201,MATCH($A13&"-2",Matches!$J$2:$J$201,0))),0,IF(F13-G13=INDEX(Matches!$G$2:$G$201,MATCH($A13&"-2",Matches!$J$2:$J$201,0))-INDEX(Matches!$H$2:$H$201,MATCH($A13&"-2",Matches!$J$2:$J$201,0)),3,2))))),"")) | Z13: =IF(OR($B13="",H13="",I13=""),"",IFERROR(IF(OR(INDEX(Matches!$I$2:$I$201,MATCH($A13&"-3",Matches!$J$2:$J$201,0))="Void",INDEX(Matches!$G$2:$G$201,MATCH($A13&"-3",Matches!$J$2:$J$201,0))="",INDEX(Matches!$H$2:$H$201,MATCH($A13&"-3",Matches!$J$2:$J$201,0))=""),"",IF(AND($C13<>"",INDEX(Matches!$F$2:$F$201,MATCH($A13&"-3",Matches!$J$2:$J$201,0))<>"",$C13>=INDEX(Matches!$F$2:$F$201,MATCH($A13&"-3",Matches!$J$2:$J$201,0))),"",IF(AND(H13=INDEX(Matches!$G$2:$G$201,MATCH($A13&"-3",Matches!$J$2:$J$201,0)),I13=INDEX(Matches!$H$2:$H$201,MATCH($A13&"-3",Matches!$J$2:$J$201,0))),5,IF(SIGN(H13-I13)<>SIGN(INDEX(Matches!$G$2:$G$201,MATCH($A13&"-3",Matches!$J$2:$J$201,0))-INDEX(Matches!$H$2:$H$201,MATCH($A13&"-3",Matches!$J$2:$J$201,0))),0,IF(H13-I13=INDEX(Matches!$G$2:$G$201,MATCH($A13&"-3",Matches!$J$2:$J$201,0))-INDEX(Matches!$H$2:$H$201,MATCH($A13&"-3",Matches!$J$2:$J$201,0)),3,2))))),"")) | AA13: =IF(OR($B13="",J13="",K13=""),"",IFERROR(IF(OR(INDEX(Matches!$I$2:$I$201,MATCH($A13&"-4",Matches!$J$2:$J$201,0))="Void",INDEX(Matches!$G$2:$G$201,MATCH($A13&"-4",Matches!$J$2:$J$201,0))="",INDEX(Matches!$H$2:$H$201,MATCH($A13&"-4",Matches!$J$2:$J$201,0))=""),"",IF(AND($C13<>"",INDEX(Matches!$F$2:$F$201,MATCH($A13&"-4",Matches!$J$2:$J$201,0))<>"",$C13>=INDEX(Matches!$F$2:$F$201,MATCH($A13&"-4",Matches!$J$2:$J$201,0))),"",IF(AND(J13=INDEX(Matches!$G$2:$G$201,MATCH($A13&"-4",Matches!$J$2:$J$201,0)),K13=INDEX(Matches!$H$2:$H$201,MATCH($A13&"-4",Matches!$J$2:$J$201,0))),5,IF(SIGN(J13-K13)<>SIGN(INDEX(Matches!$G$2:$G$201,MATCH($A13&"-4",Matches!$J$2:$J$201,0))-INDEX(Matches!$H$2:$H$201,MATCH($A13&"-4",Matches!$J$2:$J$201,0))),0,IF(J13-K13=INDEX(Matches!$G$2:$G$201,MATCH($A13&"-4",Matches!$J$2:$J$201,0))-INDEX(Matches!$H$2:$H$201,MATCH($A13&"-4",Matches!$J$2:$J$201,0)),3,2))))),"")) | AB13: =IF(OR($B13="",L13="",M13=""),"",IFERROR(IF(OR(INDEX(Matches!$I$2:$I$201,MATCH($A13&"-5",Matches!$J$2:$J$201,0))="Void",INDEX(Matches!$G$2:$G$201,MATCH($A13&"-5",Matches!$J$2:$J$201,0))="",INDEX(Matches!$H$2:$H$201,MATCH($A13&"-5",Matches!$J$2:$J$201,0))=""),"",IF(AND($C13<>"",INDEX(Matches!$F$2:$F$201,MATCH($A13&"-5",Matches!$J$2:$J$201,0))<>"",$C13>=INDEX(Matches!$F$2:$F$201,MATCH($A13&"-5",Matches!$J$2:$J$201,0))),"",IF(AND(L13=INDEX(Matches!$G$2:$G$201,MATCH($A13&"-5",Matches!$J$2:$J$201,0)),M13=INDEX(Matches!$H$2:$H$201,MATCH($A13&"-5",Matches!$J$2:$J$201,0))),5,IF(SIGN(L13-M13)<>SIGN(INDEX(Matches!$G$2:$G$201,MATCH($A13&"-5",Matches!$J$2:$J$201,0))-INDEX(Matches!$H$2:$H$201,MATCH($A13&"-5",Matches!$J$2:$J$201,0))),0,IF(L13-M13=INDEX(Matches!$G$2:$G$201,MATCH($A13&"-5",Matches!$J$2:$J$201,0))-INDEX(Matches!$H$2:$H$201,MATCH($A13&"-5",Matches!$J$2:$J$201,0)),3,2))))),"")) | AC13: =IF(OR($B13="",N13="",O13=""),"",IFERROR(IF(OR(INDEX(Matches!$I$2:$I$201,MATCH($A13&"-6",Matches!$J$2:$J$201,0))="Void",INDEX(Matches!$G$2:$G$201,MATCH($A13&"-6",Matches!$J$2:$J$201,0))="",INDEX(Matches!$H$2:$H$201,MATCH($A13&"-6",Matches!$J$2:$J$201,0))=""),"",IF(AND($C13<>"",INDEX(Matches!$F$2:$F$201,MATCH($A13&"-6",Matches!$J$2:$J$201,0))<>"",$C13>=INDEX(Matches!$F$2:$F$201,MATCH($A13&"-6",Matches!$J$2:$J$201,0))),"",IF(AND(N13=INDEX(Matches!$G$2:$G$201,MATCH($A13&"-6",Matches!$J$2:$J$201,0)),O13=INDEX(Matches!$H$2:$H$201,MATCH($A13&"-6",Matches!$J$2:$J$201,0))),5,IF(SIGN(N13-O13)<>SIGN(INDEX(Matches!$G$2:$G$201,MATCH($A13&"-6",Matches!$J$2:$J$201,0))-INDEX(Matches!$H$2:$H$201,MATCH($A13&"-6",Matches!$J$2:$J$201,0))),0,IF(N13-O13=INDEX(Matches!$G$2:$G$201,MATCH($A13&"-6",Matches!$J$2:$J$201,0))-INDEX(Matches!$H$2:$H$201,MATCH($A13&"-6",Matches!$J$2:$J$201,0)),3,2))))),"")) | AD13: =IF(OR($B13="",P13="",Q13=""),"",IFERROR(IF(OR(INDEX(Matches!$I$2:$I$201,MATCH($A13&"-7",Matches!$J$2:$J$201,0))="Void",INDEX(Matches!$G$2:$G$201,MATCH($A13&"-7",Matches!$J$2:$J$201,0))="",INDEX(Matches!$H$2:$H$201,MATCH($A13&"-7",Matches!$J$2:$J$201,0))=""),"",IF(AND($C13<>"",INDEX(Matches!$F$2:$F$201,MATCH($A13&"-7",Matches!$J$2:$J$201,0))<>"",$C13>=INDEX(Matches!$F$2:$F$201,MATCH($A13&"-7",Matches!$J$2:$J$201,0))),"",IF(AND(P13=INDEX(Matches!$G$2:$G$201,MATCH($A13&"-7",Matches!$J$2:$J$201,0)),Q13=INDEX(Matches!$H$2:$H$201,MATCH($A13&"-7",Matches!$J$2:$J$201,0))),5,IF(SIGN(P13-Q13)<>SIGN(INDEX(Matches!$G$2:$G$201,MATCH($A13&"-7",Matches!$J$2:$J$201,0))-INDEX(Matches!$H$2:$H$201,MATCH($A13&"-7",Matches!$J$2:$J$201,0))),0,IF(P13-Q13=INDEX(Matches!$G$2:$G$201,MATCH($A13&"-7",Matches!$J$2:$J$201,0))-INDEX(Matches!$H$2:$H$201,MATCH($A13&"-7",Matches!$J$2:$J$201,0)),3,2))))),"")) | AE13: =IF(OR($B13="",R13="",S13=""),"",IFERROR(IF(OR(INDEX(Matches!$I$2:$I$201,MATCH($A13&"-8",Matches!$J$2:$J$201,0))="Void",INDEX(Matches!$G$2:$G$201,MATCH($A13&"-8",Matches!$J$2:$J$201,0))="",INDEX(Matches!$H$2:$H$201,MATCH($A13&"-8",Matches!$J$2:$J$201,0))=""),"",IF(AND($C13<>"",INDEX(Matches!$F$2:$F$201,MATCH($A13&"-8",Matches!$J$2:$J$201,0))<>"",$C13>=INDEX(Matches!$F$2:$F$201,MATCH($A13&"-8",Matches!$J$2:$J$201,0))),"",IF(AND(R13=INDEX(Matches!$G$2:$G$201,MATCH($A13&"-8",Matches!$J$2:$J$201,0)),S13=INDEX(Matches!$H$2:$H$201,MATCH($A13&"-8",Matches!$J$2:$J$201,0))),5,IF(SIGN(R13-S13)<>SIGN(INDEX(Matches!$G$2:$G$201,MATCH($A13&"-8",Matches!$J$2:$J$201,0))-INDEX(Matches!$H$2:$H$201,MATCH($A13&"-8",Matches!$J$2:$J$201,0))),0,IF(R13-S13=INDEX(Matches!$G$2:$G$201,MATCH($A13&"-8",Matches!$J$2:$J$201,0))-INDEX(Matches!$H$2:$H$201,MATCH($A13&"-8",Matches!$J$2:$J$201,0)),3,2))))),"")) | AF13: =IF(OR($B13="",T13="",U13=""),"",IFERROR(IF(OR(INDEX(Matches!$I$2:$I$201,MATCH($A13&"-9",Matches!$J$2:$J$201,0))="Void",INDEX(Matches!$G$2:$G$201,MATCH($A13&"-9",Matches!$J$2:$J$201,0))="",INDEX(Matches!$H$2:$H$201,MATCH($A13&"-9",Matches!$J$2:$J$201,0))=""),"",IF(AND($C13<>"",INDEX(Matches!$F$2:$F$201,MATCH($A13&"-9",Matches!$J$2:$J$201,0))<>"",$C13>=INDEX(Matches!$F$2:$F$201,MATCH($A13&"-9",Matches!$J$2:$J$201,0))),"",IF(AND(T13=INDEX(Matches!$G$2:$G$201,MATCH($A13&"-9",Matches!$J$2:$J$201,0)),U13=INDEX(Matches!$H$2:$H$201,MATCH($A13&"-9",Matches!$J$2:$J$201,0))),5,IF(SIGN(T13-U13)<>SIGN(INDEX(Matches!$G$2:$G$201,MATCH($A13&"-9",Matches!$J$2:$J$201,0))-INDEX(Matches!$H$2:$H$201,MATCH($A13&"-9",Matches!$J$2:$J$201,0))),0,IF(T13-U13=INDEX(Matches!$G$2:$G$201,MATCH($A13&"-9",Matches!$J$2:$J$201,0))-INDEX(Matches!$H$2:$H$201,MATCH($A13&"-9",Matches!$J$2:$J$201,0)),3,2))))),"")) | AG13: =IF(OR($B13="",V13="",W13=""),"",IFERROR(IF(OR(INDEX(Matches!$I$2:$I$201,MATCH($A13&"-10",Matches!$J$2:$J$201,0))="Void",INDEX(Matches!$G$2:$G$201,MATCH($A13&"-10",Matches!$J$2:$J$201,0))="",INDEX(Matches!$H$2:$H$201,MATCH($A13&"-10",Matches!$J$2:$J$201,0))=""),"",IF(AND($C13<>"",INDEX(Matches!$F$2:$F$201,MATCH($A13&"-10",Matches!$J$2:$J$201,0))<>"",$C13>=INDEX(Matches!$F$2:$F$201,MATCH($A13&"-10",Matches!$J$2:$J$201,0))),"",IF(AND(V13=INDEX(Matches!$G$2:$G$201,MATCH($A13&"-10",Matches!$J$2:$J$201,0)),W13=INDEX(Matches!$H$2:$H$201,MATCH($A13&"-10",Matches!$J$2:$J$201,0))),5,IF(SIGN(V13-W13)<>SIGN(INDEX(Matches!$G$2:$G$201,MATCH($A13&"-10",Matches!$J$2:$J$201,0))-INDEX(Matches!$H$2:$H$201,MATCH($A13&"-10",Matches!$J$2:$J$201,0))),0,IF(V13-W13=INDEX(Matches!$G$2:$G$201,MATCH($A13&"-10",Matches!$J$2:$J$201,0))-INDEX(Matches!$H$2:$H$201,MATCH($A13&"-10",Matches!$J$2:$J$201,0)),3,2))))),"")) | AH13: =IF($B13="","",SUM(X13:AG13)) | AI13: =IF($B13="","",COUNTIF(X13:AG13,5)) | AJ13: =IF($B13="","",COUNTIF(X13:AG13,">=2")) | AK13: =IF($B13="","",COUNT(X13:AG13))
X14: =IF(OR($B14="",D14="",E14=""),"",IFERROR(IF(OR(INDEX(Matches!$I$2:$I$201,MATCH($A14&"-1",Matches!$J$2:$J$201,0))="Void",INDEX(Matches!$G$2:$G$201,MATCH($A14&"-1",Matches!$J$2:$J$201,0))="",INDEX(Matches!$H$2:$H$201,MATCH($A14&"-1",Matches!$J$2:$J$201,0))=""),"",IF(AND($C14<>"",INDEX(Matches!$F$2:$F$201,MATCH($A14&"-1",Matches!$J$2:$J$201,0))<>"",$C14>=INDEX(Matches!$F$2:$F$201,MATCH($A14&"-1",Matches!$J$2:$J$201,0))),"",IF(AND(D14=INDEX(Matches!$G$2:$G$201,MATCH($A14&"-1",Matches!$J$2:$J$201,0)),E14=INDEX(Matches!$H$2:$H$201,MATCH($A14&"-1",Matches!$J$2:$J$201,0))),5,IF(SIGN(D14-E14)<>SIGN(INDEX(Matches!$G$2:$G$201,MATCH($A14&"-1",Matches!$J$2:$J$201,0))-INDEX(Matches!$H$2:$H$201,MATCH($A14&"-1",Matches!$J$2:$J$201,0))),0,IF(D14-E14=INDEX(Matches!$G$2:$G$201,MATCH($A14&"-1",Matches!$J$2:$J$201,0))-INDEX(Matches!$H$2:$H$201,MATCH($A14&"-1",Matches!$J$2:$J$201,0)),3,2))))),"")) | Y14: =IF(OR($B14="",F14="",G14=""),"",IFERROR(IF(OR(INDEX(Matches!$I$2:$I$201,MATCH($A14&"-2",Matches!$J$2:$J$201,0))="Void",INDEX(Matches!$G$2:$G$201,MATCH($A14&"-2",Matches!$J$2:$J$201,0))="",INDEX(Matches!$H$2:$H$201,MATCH($A14&"-2",Matches!$J$2:$J$201,0))=""),"",IF(AND($C14<>"",INDEX(Matches!$F$2:$F$201,MATCH($A14&"-2",Matches!$J$2:$J$201,0))<>"",$C14>=INDEX(Matches!$F$2:$F$201,MATCH($A14&"-2",Matches!$J$2:$J$201,0))),"",IF(AND(F14=INDEX(Matches!$G$2:$G$201,MATCH($A14&"-2",Matches!$J$2:$J$201,0)),G14=INDEX(Matches!$H$2:$H$201,MATCH($A14&"-2",Matches!$J$2:$J$201,0))),5,IF(SIGN(F14-G14)<>SIGN(INDEX(Matches!$G$2:$G$201,MATCH($A14&"-2",Matches!$J$2:$J$201,0))-INDEX(Matches!$H$2:$H$201,MATCH($A14&"-2",Matches!$J$2:$J$201,0))),0,IF(F14-G14=INDEX(Matches!$G$2:$G$201,MATCH($A14&"-2",Matches!$J$2:$J$201,0))-INDEX(Matches!$H$2:$H$201,MATCH($A14&"-2",Matches!$J$2:$J$201,0)),3,2))))),"")) | Z14: =IF(OR($B14="",H14="",I14=""),"",IFERROR(IF(OR(INDEX(Matches!$I$2:$I$201,MATCH($A14&"-3",Matches!$J$2:$J$201,0))="Void",INDEX(Matches!$G$2:$G$201,MATCH($A14&"-3",Matches!$J$2:$J$201,0))="",INDEX(Matches!$H$2:$H$201,MATCH($A14&"-3",Matches!$J$2:$J$201,0))=""),"",IF(AND($C14<>"",INDEX(Matches!$F$2:$F$201,MATCH($A14&"-3",Matches!$J$2:$J$201,0))<>"",$C14>=INDEX(Matches!$F$2:$F$201,MATCH($A14&"-3",Matches!$J$2:$J$201,0))),"",IF(AND(H14=INDEX(Matches!$G$2:$G$201,MATCH($A14&"-3",Matches!$J$2:$J$201,0)),I14=INDEX(Matches!$H$2:$H$201,MATCH($A14&"-3",Matches!$J$2:$J$201,0))),5,IF(SIGN(H14-I14)<>SIGN(INDEX(Matches!$G$2:$G$201,MATCH($A14&"-3",Matches!$J$2:$J$201,0))-INDEX(Matches!$H$2:$H$201,MATCH($A14&"-3",Matches!$J$2:$J$201,0))),0,IF(H14-I14=INDEX(Matches!$G$2:$G$201,MATCH($A14&"-3",Matches!$J$2:$J$201,0))-INDEX(Matches!$H$2:$H$201,MATCH($A14&"-3",Matches!$J$2:$J$201,0)),3,2))))),"")) | AA14: =IF(OR($B14="",J14="",K14=""),"",IFERROR(IF(OR(INDEX(Matches!$I$2:$I$201,MATCH($A14&"-4",Matches!$J$2:$J$201,0))="Void",INDEX(Matches!$G$2:$G$201,MATCH($A14&"-4",Matches!$J$2:$J$201,0))="",INDEX(Matches!$H$2:$H$201,MATCH($A14&"-4",Matches!$J$2:$J$201,0))=""),"",IF(AND($C14<>"",INDEX(Matches!$F$2:$F$201,MATCH($A14&"-4",Matches!$J$2:$J$201,0))<>"",$C14>=INDEX(Matches!$F$2:$F$201,MATCH($A14&"-4",Matches!$J$2:$J$201,0))),"",IF(AND(J14=INDEX(Matches!$G$2:$G$201,MATCH($A14&"-4",Matches!$J$2:$J$201,0)),K14=INDEX(Matches!$H$2:$H$201,MATCH($A14&"-4",Matches!$J$2:$J$201,0))),5,IF(SIGN(J14-K14)<>SIGN(INDEX(Matches!$G$2:$G$201,MATCH($A14&"-4",Matches!$J$2:$J$201,0))-INDEX(Matches!$H$2:$H$201,MATCH($A14&"-4",Matches!$J$2:$J$201,0))),0,IF(J14-K14=INDEX(Matches!$G$2:$G$201,MATCH($A14&"-4",Matches!$J$2:$J$201,0))-INDEX(Matches!$H$2:$H$201,MATCH($A14&"-4",Matches!$J$2:$J$201,0)),3,2))))),"")) | AB14: =IF(OR($B14="",L14="",M14=""),"",IFERROR(IF(OR(INDEX(Matches!$I$2:$I$201,MATCH($A14&"-5",Matches!$J$2:$J$201,0))="Void",INDEX(Matches!$G$2:$G$201,MATCH($A14&"-5",Matches!$J$2:$J$201,0))="",INDEX(Matches!$H$2:$H$201,MATCH($A14&"-5",Matches!$J$2:$J$201,0))=""),"",IF(AND($C14<>"",INDEX(Matches!$F$2:$F$201,MATCH($A14&"-5",Matches!$J$2:$J$201,0))<>"",$C14>=INDEX(Matches!$F$2:$F$201,MATCH($A14&"-5",Matches!$J$2:$J$201,0))),"",IF(AND(L14=INDEX(Matches!$G$2:$G$201,MATCH($A14&"-5",Matches!$J$2:$J$201,0)),M14=INDEX(Matches!$H$2:$H$201,MATCH($A14&"-5",Matches!$J$2:$J$201,0))),5,IF(SIGN(L14-M14)<>SIGN(INDEX(Matches!$G$2:$G$201,MATCH($A14&"-5",Matches!$J$2:$J$201,0))-INDEX(Matches!$H$2:$H$201,MATCH($A14&"-5",Matches!$J$2:$J$201,0))),0,IF(L14-M14=INDEX(Matches!$G$2:$G$201,MATCH($A14&"-5",Matches!$J$2:$J$201,0))-INDEX(Matches!$H$2:$H$201,MATCH($A14&"-5",Matches!$J$2:$J$201,0)),3,2))))),"")) | AC14: =IF(OR($B14="",N14="",O14=""),"",IFERROR(IF(OR(INDEX(Matches!$I$2:$I$201,MATCH($A14&"-6",Matches!$J$2:$J$201,0))="Void",INDEX(Matches!$G$2:$G$201,MATCH($A14&"-6",Matches!$J$2:$J$201,0))="",INDEX(Matches!$H$2:$H$201,MATCH($A14&"-6",Matches!$J$2:$J$201,0))=""),"",IF(AND($C14<>"",INDEX(Matches!$F$2:$F$201,MATCH($A14&"-6",Matches!$J$2:$J$201,0))<>"",$C14>=INDEX(Matches!$F$2:$F$201,MATCH($A14&"-6",Matches!$J$2:$J$201,0))),"",IF(AND(N14=INDEX(Matches!$G$2:$G$201,MATCH($A14&"-6",Matches!$J$2:$J$201,0)),O14=INDEX(Matches!$H$2:$H$201,MATCH($A14&"-6",Matches!$J$2:$J$201,0))),5,IF(SIGN(N14-O14)<>SIGN(INDEX(Matches!$G$2:$G$201,MATCH($A14&"-6",Matches!$J$2:$J$201,0))-INDEX(Matches!$H$2:$H$201,MATCH($A14&"-6",Matches!$J$2:$J$201,0))),0,IF(N14-O14=INDEX(Matches!$G$2:$G$201,MATCH($A14&"-6",Matches!$J$2:$J$201,0))-INDEX(Matches!$H$2:$H$201,MATCH($A14&"-6",Matches!$J$2:$J$201,0)),3,2))))),"")) | AD14: =IF(OR($B14="",P14="",Q14=""),"",IFERROR(IF(OR(INDEX(Matches!$I$2:$I$201,MATCH($A14&"-7",Matches!$J$2:$J$201,0))="Void",INDEX(Matches!$G$2:$G$201,MATCH($A14&"-7",Matches!$J$2:$J$201,0))="",INDEX(Matches!$H$2:$H$201,MATCH($A14&"-7",Matches!$J$2:$J$201,0))=""),"",IF(AND($C14<>"",INDEX(Matches!$F$2:$F$201,MATCH($A14&"-7",Matches!$J$2:$J$201,0))<>"",$C14>=INDEX(Matches!$F$2:$F$201,MATCH($A14&"-7",Matches!$J$2:$J$201,0))),"",IF(AND(P14=INDEX(Matches!$G$2:$G$201,MATCH($A14&"-7",Matches!$J$2:$J$201,0)),Q14=INDEX(Matches!$H$2:$H$201,MATCH($A14&"-7",Matches!$J$2:$J$201,0))),5,IF(SIGN(P14-Q14)<>SIGN(INDEX(Matches!$G$2:$G$201,MATCH($A14&"-7",Matches!$J$2:$J$201,0))-INDEX(Matches!$H$2:$H$201,MATCH($A14&"-7",Matches!$J$2:$J$201,0))),0,IF(P14-Q14=INDEX(Matches!$G$2:$G$201,MATCH($A14&"-7",Matches!$J$2:$J$201,0))-INDEX(Matches!$H$2:$H$201,MATCH($A14&"-7",Matches!$J$2:$J$201,0)),3,2))))),"")) | AE14: =IF(OR($B14="",R14="",S14=""),"",IFERROR(IF(OR(INDEX(Matches!$I$2:$I$201,MATCH($A14&"-8",Matches!$J$2:$J$201,0))="Void",INDEX(Matches!$G$2:$G$201,MATCH($A14&"-8",Matches!$J$2:$J$201,0))="",INDEX(Matches!$H$2:$H$201,MATCH($A14&"-8",Matches!$J$2:$J$201,0))=""),"",IF(AND($C14<>"",INDEX(Matches!$F$2:$F$201,MATCH($A14&"-8",Matches!$J$2:$J$201,0))<>"",$C14>=INDEX(Matches!$F$2:$F$201,MATCH($A14&"-8",Matches!$J$2:$J$201,0))),"",IF(AND(R14=INDEX(Matches!$G$2:$G$201,MATCH($A14&"-8",Matches!$J$2:$J$201,0)),S14=INDEX(Matches!$H$2:$H$201,MATCH($A14&"-8",Matches!$J$2:$J$201,0))),5,IF(SIGN(R14-S14)<>SIGN(INDEX(Matches!$G$2:$G$201,MATCH($A14&"-8",Matches!$J$2:$J$201,0))-INDEX(Matches!$H$2:$H$201,MATCH($A14&"-8",Matches!$J$2:$J$201,0))),0,IF(R14-S14=INDEX(Matches!$G$2:$G$201,MATCH($A14&"-8",Matches!$J$2:$J$201,0))-INDEX(Matches!$H$2:$H$201,MATCH($A14&"-8",Matches!$J$2:$J$201,0)),3,2))))),"")) | AF14: =IF(OR($B14="",T14="",U14=""),"",IFERROR(IF(OR(INDEX(Matches!$I$2:$I$201,MATCH($A14&"-9",Matches!$J$2:$J$201,0))="Void",INDEX(Matches!$G$2:$G$201,MATCH($A14&"-9",Matches!$J$2:$J$201,0))="",INDEX(Matches!$H$2:$H$201,MATCH($A14&"-9",Matches!$J$2:$J$201,0))=""),"",IF(AND($C14<>"",INDEX(Matches!$F$2:$F$201,MATCH($A14&"-9",Matches!$J$2:$J$201,0))<>"",$C14>=INDEX(Matches!$F$2:$F$201,MATCH($A14&"-9",Matches!$J$2:$J$201,0))),"",IF(AND(T14=INDEX(Matches!$G$2:$G$201,MATCH($A14&"-9",Matches!$J$2:$J$201,0)),U14=INDEX(Matches!$H$2:$H$201,MATCH($A14&"-9",Matches!$J$2:$J$201,0))),5,IF(SIGN(T14-U14)<>SIGN(INDEX(Matches!$G$2:$G$201,MATCH($A14&"-9",Matches!$J$2:$J$201,0))-INDEX(Matches!$H$2:$H$201,MATCH($A14&"-9",Matches!$J$2:$J$201,0))),0,IF(T14-U14=INDEX(Matches!$G$2:$G$201,MATCH($A14&"-9",Matches!$J$2:$J$201,0))-INDEX(Matches!$H$2:$H$201,MATCH($A14&"-9",Matches!$J$2:$J$201,0)),3,2))))),"")) | AG14: =IF(OR($B14="",V14="",W14=""),"",IFERROR(IF(OR(INDEX(Matches!$I$2:$I$201,MATCH($A14&"-10",Matches!$J$2:$J$201,0))="Void",INDEX(Matches!$G$2:$G$201,MATCH($A14&"-10",Matches!$J$2:$J$201,0))="",INDEX(Matches!$H$2:$H$201,MATCH($A14&"-10",Matches!$J$2:$J$201,0))=""),"",IF(AND($C14<>"",INDEX(Matches!$F$2:$F$201,MATCH($A14&"-10",Matches!$J$2:$J$201,0))<>"",$C14>=INDEX(Matches!$F$2:$F$201,MATCH($A14&"-10",Matches!$J$2:$J$201,0))),"",IF(AND(V14=INDEX(Matches!$G$2:$G$201,MATCH($A14&"-10",Matches!$J$2:$J$201,0)),W14=INDEX(Matches!$H$2:$H$201,MATCH($A14&"-10",Matches!$J$2:$J$201,0))),5,IF(SIGN(V14-W14)<>SIGN(INDEX(Matches!$G$2:$G$201,MATCH($A14&"-10",Matches!$J$2:$J$201,0))-INDEX(Matches!$H$2:$H$201,MATCH($A14&"-10",Matches!$J$2:$J$201,0))),0,IF(V14-W14=INDEX(Matches!$G$2:$G$201,MATCH($A14&"-10",Matches!$J$2:$J$201,0))-INDEX(Matches!$H$2:$H$201,MATCH($A14&"-10",Matches!$J$2:$J$201,0)),3,2))))),"")) | AH14: =IF($B14="","",SUM(X14:AG14)) | AI14: =IF($B14="","",COUNTIF(X14:AG14,5)) | AJ14: =IF($B14="","",COUNTIF(X14:AG14,">=2")) | AK14: =IF($B14="","",COUNT(X14:AG14))
X15: =IF(OR($B15="",D15="",E15=""),"",IFERROR(IF(OR(INDEX(Matches!$I$2:$I$201,MATCH($A15&"-1",Matches!$J$2:$J$201,0))="Void",INDEX(Matches!$G$2:$G$201,MATCH($A15&"-1",Matches!$J$2:$J$201,0))="",INDEX(Matches!$H$2:$H$201,MATCH($A15&"-1",Matches!$J$2:$J$201,0))=""),"",IF(AND($C15<>"",INDEX(Matches!$F$2:$F$201,MATCH($A15&"-1",Matches!$J$2:$J$201,0))<>"",$C15>=INDEX(Matches!$F$2:$F$201,MATCH($A15&"-1",Matches!$J$2:$J$201,0))),"",IF(AND(D15=INDEX(Matches!$G$2:$G$201,MATCH($A15&"-1",Matches!$J$2:$J$201,0)),E15=INDEX(Matches!$H$2:$H$201,MATCH($A15&"-1",Matches!$J$2:$J$201,0))),5,IF(SIGN(D15-E15)<>SIGN(INDEX(Matches!$G$2:$G$201,MATCH($A15&"-1",Matches!$J$2:$J$201,0))-INDEX(Matches!$H$2:$H$201,MATCH($A15&"-1",Matches!$J$2:$J$201,0))),0,IF(D15-E15=INDEX(Matches!$G$2:$G$201,MATCH($A15&"-1",Matches!$J$2:$J$201,0))-INDEX(Matches!$H$2:$H$201,MATCH($A15&"-1",Matches!$J$2:$J$201,0)),3,2))))),"")) | Y15: =IF(OR($B15="",F15="",G15=""),"",IFERROR(IF(OR(INDEX(Matches!$I$2:$I$201,MATCH($A15&"-2",Matches!$J$2:$J$201,0))="Void",INDEX(Matches!$G$2:$G$201,MATCH($A15&"-2",Matches!$J$2:$J$201,0))="",INDEX(Matches!$H$2:$H$201,MATCH($A15&"-2",Matches!$J$2:$J$201,0))=""),"",IF(AND($C15<>"",INDEX(Matches!$F$2:$F$201,MATCH($A15&"-2",Matches!$J$2:$J$201,0))<>"",$C15>=INDEX(Matches!$F$2:$F$201,MATCH($A15&"-2",Matches!$J$2:$J$201,0))),"",IF(AND(F15=INDEX(Matches!$G$2:$G$201,MATCH($A15&"-2",Matches!$J$2:$J$201,0)),G15=INDEX(Matches!$H$2:$H$201,MATCH($A15&"-2",Matches!$J$2:$J$201,0))),5,IF(SIGN(F15-G15)<>SIGN(INDEX(Matches!$G$2:$G$201,MATCH($A15&"-2",Matches!$J$2:$J$201,0))-INDEX(Matches!$H$2:$H$201,MATCH($A15&"-2",Matches!$J$2:$J$201,0))),0,IF(F15-G15=INDEX(Matches!$G$2:$G$201,MATCH($A15&"-2",Matches!$J$2:$J$201,0))-INDEX(Matches!$H$2:$H$201,MATCH($A15&"-2",Matches!$J$2:$J$201,0)),3,2))))),"")) | Z15: =IF(OR($B15="",H15="",I15=""),"",IFERROR(IF(OR(INDEX(Matches!$I$2:$I$201,MATCH($A15&"-3",Matches!$J$2:$J$201,0))="Void",INDEX(Matches!$G$2:$G$201,MATCH($A15&"-3",Matches!$J$2:$J$201,0))="",INDEX(Matches!$H$2:$H$201,MATCH($A15&"-3",Matches!$J$2:$J$201,0))=""),"",IF(AND($C15<>"",INDEX(Matches!$F$2:$F$201,MATCH($A15&"-3",Matches!$J$2:$J$201,0))<>"",$C15>=INDEX(Matches!$F$2:$F$201,MATCH($A15&"-3",Matches!$J$2:$J$201,0))),"",IF(AND(H15=INDEX(Matches!$G$2:$G$201,MATCH($A15&"-3",Matches!$J$2:$J$201,0)),I15=INDEX(Matches!$H$2:$H$201,MATCH($A15&"-3",Matches!$J$2:$J$201,0))),5,IF(SIGN(H15-I15)<>SIGN(INDEX(Matches!$G$2:$G$201,MATCH($A15&"-3",Matches!$J$2:$J$201,0))-INDEX(Matches!$H$2:$H$201,MATCH($A15&"-3",Matches!$J$2:$J$201,0))),0,IF(H15-I15=INDEX(Matches!$G$2:$G$201,MATCH($A15&"-3",Matches!$J$2:$J$201,0))-INDEX(Matches!$H$2:$H$201,MATCH($A15&"-3",Matches!$J$2:$J$201,0)),3,2))))),"")) | AA15: =IF(OR($B15="",J15="",K15=""),"",IFERROR(IF(OR(INDEX(Matches!$I$2:$I$201,MATCH($A15&"-4",Matches!$J$2:$J$201,0))="Void",INDEX(Matches!$G$2:$G$201,MATCH($A15&"-4",Matches!$J$2:$J$201,0))="",INDEX(Matches!$H$2:$H$201,MATCH($A15&"-4",Matches!$J$2:$J$201,0))=""),"",IF(AND($C15<>"",INDEX(Matches!$F$2:$F$201,MATCH($A15&"-4",Matches!$J$2:$J$201,0))<>"",$C15>=INDEX(Matches!$F$2:$F$201,MATCH($A15&"-4",Matches!$J$2:$J$201,0))),"",IF(AND(J15=INDEX(Matches!$G$2:$G$201,MATCH($A15&"-4",Matches!$J$2:$J$201,0)),K15=INDEX(Matches!$H$2:$H$201,MATCH($A15&"-4",Matches!$J$2:$J$201,0))),5,IF(SIGN(J15-K15)<>SIGN(INDEX(Matches!$G$2:$G$201,MATCH($A15&"-4",Matches!$J$2:$J$201,0))-INDEX(Matches!$H$2:$H$201,MATCH($A15&"-4",Matches!$J$2:$J$201,0))),0,IF(J15-K15=INDEX(Matches!$G$2:$G$201,MATCH($A15&"-4",Matches!$J$2:$J$201,0))-INDEX(Matches!$H$2:$H$201,MATCH($A15&"-4",Matches!$J$2:$J$201,0)),3,2))))),"")) | AB15: =IF(OR($B15="",L15="",M15=""),"",IFERROR(IF(OR(INDEX(Matches!$I$2:$I$201,MATCH($A15&"-5",Matches!$J$2:$J$201,0))="Void",INDEX(Matches!$G$2:$G$201,MATCH($A15&"-5",Matches!$J$2:$J$201,0))="",INDEX(Matches!$H$2:$H$201,MATCH($A15&"-5",Matches!$J$2:$J$201,0))=""),"",IF(AND($C15<>"",INDEX(Matches!$F$2:$F$201,MATCH($A15&"-5",Matches!$J$2:$J$201,0))<>"",$C15>=INDEX(Matches!$F$2:$F$201,MATCH($A15&"-5",Matches!$J$2:$J$201,0))),"",IF(AND(L15=INDEX(Matches!$G$2:$G$201,MATCH($A15&"-5",Matches!$J$2:$J$201,0)),M15=INDEX(Matches!$H$2:$H$201,MATCH($A15&"-5",Matches!$J$2:$J$201,0))),5,IF(SIGN(L15-M15)<>SIGN(INDEX(Matches!$G$2:$G$201,MATCH($A15&"-5",Matches!$J$2:$J$201,0))-INDEX(Matches!$H$2:$H$201,MATCH($A15&"-5",Matches!$J$2:$J$201,0))),0,IF(L15-M15=INDEX(Matches!$G$2:$G$201,MATCH($A15&"-5",Matches!$J$2:$J$201,0))-INDEX(Matches!$H$2:$H$201,MATCH($A15&"-5",Matches!$J$2:$J$201,0)),3,2))))),"")) | AC15: =IF(OR($B15="",N15="",O15=""),"",IFERROR(IF(OR(INDEX(Matches!$I$2:$I$201,MATCH($A15&"-6",Matches!$J$2:$J$201,0))="Void",INDEX(Matches!$G$2:$G$201,MATCH($A15&"-6",Matches!$J$2:$J$201,0))="",INDEX(Matches!$H$2:$H$201,MATCH($A15&"-6",Matches!$J$2:$J$201,0))=""),"",IF(AND($C15<>"",INDEX(Matches!$F$2:$F$201,MATCH($A15&"-6",Matches!$J$2:$J$201,0))<>"",$C15>=INDEX(Matches!$F$2:$F$201,MATCH($A15&"-6",Matches!$J$2:$J$201,0))),"",IF(AND(N15=INDEX(Matches!$G$2:$G$201,MATCH($A15&"-6",Matches!$J$2:$J$201,0)),O15=INDEX(Matches!$H$2:$H$201,MATCH($A15&"-6",Matches!$J$2:$J$201,0))),5,IF(SIGN(N15-O15)<>SIGN(INDEX(Matches!$G$2:$G$201,MATCH($A15&"-6",Matches!$J$2:$J$201,0))-INDEX(Matches!$H$2:$H$201,MATCH($A15&"-6",Matches!$J$2:$J$201,0))),0,IF(N15-O15=INDEX(Matches!$G$2:$G$201,MATCH($A15&"-6",Matches!$J$2:$J$201,0))-INDEX(Matches!$H$2:$H$201,MATCH($A15&"-6",Matches!$J$2:$J$201,0)),3,2))))),"")) | AD15: =IF(OR($B15="",P15="",Q15=""),"",IFERROR(IF(OR(INDEX(Matches!$I$2:$I$201,MATCH($A15&"-7",Matches!$J$2:$J$201,0))="Void",INDEX(Matches!$G$2:$G$201,MATCH($A15&"-7",Matches!$J$2:$J$201,0))="",INDEX(Matches!$H$2:$H$201,MATCH($A15&"-7",Matches!$J$2:$J$201,0))=""),"",IF(AND($C15<>"",INDEX(Matches!$F$2:$F$201,MATCH($A15&"-7",Matches!$J$2:$J$201,0))<>"",$C15>=INDEX(Matches!$F$2:$F$201,MATCH($A15&"-7",Matches!$J$2:$J$201,0))),"",IF(AND(P15=INDEX(Matches!$G$2:$G$201,MATCH($A15&"-7",Matches!$J$2:$J$201,0)),Q15=INDEX(Matches!$H$2:$H$201,MATCH($A15&"-7",Matches!$J$2:$J$201,0))),5,IF(SIGN(P15-Q15)<>SIGN(INDEX(Matches!$G$2:$G$201,MATCH($A15&"-7",Matches!$J$2:$J$201,0))-INDEX(Matches!$H$2:$H$201,MATCH($A15&"-7",Matches!$J$2:$J$201,0))),0,IF(P15-Q15=INDEX(Matches!$G$2:$G$201,MATCH($A15&"-7",Matches!$J$2:$J$201,0))-INDEX(Matches!$H$2:$H$201,MATCH($A15&"-7",Matches!$J$2:$J$201,0)),3,2))))),"")) | AE15: =IF(OR($B15="",R15="",S15=""),"",IFERROR(IF(OR(INDEX(Matches!$I$2:$I$201,MATCH($A15&"-8",Matches!$J$2:$J$201,0))="Void",INDEX(Matches!$G$2:$G$201,MATCH($A15&"-8",Matches!$J$2:$J$201,0))="",INDEX(Matches!$H$2:$H$201,MATCH($A15&"-8",Matches!$J$2:$J$201,0))=""),"",IF(AND($C15<>"",INDEX(Matches!$F$2:$F$201,MATCH($A15&"-8",Matches!$J$2:$J$201,0))<>"",$C15>=INDEX(Matches!$F$2:$F$201,MATCH($A15&"-8",Matches!$J$2:$J$201,0))),"",IF(AND(R15=INDEX(Matches!$G$2:$G$201,MATCH($A15&"-8",Matches!$J$2:$J$201,0)),S15=INDEX(Matches!$H$2:$H$201,MATCH($A15&"-8",Matches!$J$2:$J$201,0))),5,IF(SIGN(R15-S15)<>SIGN(INDEX(Matches!$G$2:$G$201,MATCH($A15&"-8",Matches!$J$2:$J$201,0))-INDEX(Matches!$H$2:$H$201,MATCH($A15&"-8",Matches!$J$2:$J$201,0))),0,IF(R15-S15=INDEX(Matches!$G$2:$G$201,MATCH($A15&"-8",Matches!$J$2:$J$201,0))-INDEX(Matches!$H$2:$H$201,MATCH($A15&"-8",Matches!$J$2:$J$201,0)),3,2))))),"")) | AF15: =IF(OR($B15="",T15="",U15=""),"",IFERROR(IF(OR(INDEX(Matches!$I$2:$I$201,MATCH($A15&"-9",Matches!$J$2:$J$201,0))="Void",INDEX(Matches!$G$2:$G$201,MATCH($A15&"-9",Matches!$J$2:$J$201,0))="",INDEX(Matches!$H$2:$H$201,MATCH($A15&"-9",Matches!$J$2:$J$201,0))=""),"",IF(AND($C15<>"",INDEX(Matches!$F$2:$F$201,MATCH($A15&"-9",Matches!$J$2:$J$201,0))<>"",$C15>=INDEX(Matches!$F$2:$F$201,MATCH($A15&"-9",Matches!$J$2:$J$201,0))),"",IF(AND(T15=INDEX(Matches!$G$2:$G$201,MATCH($A15&"-9",Matches!$J$2:$J$201,0)),U15=INDEX(Matches!$H$2:$H$201,MATCH($A15&"-9",Matches!$J$2:$J$201,0))),5,IF(SIGN(T15-U15)<>SIGN(INDEX(Matches!$G$2:$G$201,MATCH($A15&"-9",Matches!$J$2:$J$201,0))-INDEX(Matches!$H$2:$H$201,MATCH($A15&"-9",Matches!$J$2:$J$201,0))),0,IF(T15-U15=INDEX(Matches!$G$2:$G$201,MATCH($A15&"-9",Matches!$J$2:$J$201,0))-INDEX(Matches!$H$2:$H$201,MATCH($A15&"-9",Matches!$J$2:$J$201,0)),3,2))))),"")) | AG15: =IF(OR($B15="",V15="",W15=""),"",IFERROR(IF(OR(INDEX(Matches!$I$2:$I$201,MATCH($A15&"-10",Matches!$J$2:$J$201,0))="Void",INDEX(Matches!$G$2:$G$201,MATCH($A15&"-10",Matches!$J$2:$J$201,0))="",INDEX(Matches!$H$2:$H$201,MATCH($A15&"-10",Matches!$J$2:$J$201,0))=""),"",IF(AND($C15<>"",INDEX(Matches!$F$2:$F$201,MATCH($A15&"-10",Matches!$J$2:$J$201,0))<>"",$C15>=INDEX(Matches!$F$2:$F$201,MATCH($A15&"-10",Matches!$J$2:$J$201,0))),"",IF(AND(V15=INDEX(Matches!$G$2:$G$201,MATCH($A15&"-10",Matches!$J$2:$J$201,0)),W15=INDEX(Matches!$H$2:$H$201,MATCH($A15&"-10",Matches!$J$2:$J$201,0))),5,IF(SIGN(V15-W15)<>SIGN(INDEX(Matches!$G$2:$G$201,MATCH($A15&"-10",Matches!$J$2:$J$201,0))-INDEX(Matches!$H$2:$H$201,MATCH($A15&"-10",Matches!$J$2:$J$201,0))),0,IF(V15-W15=INDEX(Matches!$G$2:$G$201,MATCH($A15&"-10",Matches!$J$2:$J$201,0))-INDEX(Matches!$H$2:$H$201,MATCH($A15&"-10",Matches!$J$2:$J$201,0)),3,2))))),"")) | AH15: =IF($B15="","",SUM(X15:AG15)) | AI15: =IF($B15="","",COUNTIF(X15:AG15,5)) | AJ15: =IF($B15="","",COUNTIF(X15:AG15,">=2")) | AK15: =IF($B15="","",COUNT(X15:AG15))
X16: =IF(OR($B16="",D16="",E16=""),"",IFERROR(IF(OR(INDEX(Matches!$I$2:$I$201,MATCH($A16&"-1",Matches!$J$2:$J$201,0))="Void",INDEX(Matches!$G$2:$G$201,MATCH($A16&"-1",Matches!$J$2:$J$201,0))="",INDEX(Matches!$H$2:$H$201,MATCH($A16&"-1",Matches!$J$2:$J$201,0))=""),"",IF(AND($C16<>"",INDEX(Matches!$F$2:$F$201,MATCH($A16&"-1",Matches!$J$2:$J$201,0))<>"",$C16>=INDEX(Matches!$F$2:$F$201,MATCH($A16&"-1",Matches!$J$2:$J$201,0))),"",IF(AND(D16=INDEX(Matches!$G$2:$G$201,MATCH($A16&"-1",Matches!$J$2:$J$201,0)),E16=INDEX(Matches!$H$2:$H$201,MATCH($A16&"-1",Matches!$J$2:$J$201,0))),5,IF(SIGN(D16-E16)<>SIGN(INDEX(Matches!$G$2:$G$201,MATCH($A16&"-1",Matches!$J$2:$J$201,0))-INDEX(Matches!$H$2:$H$201,MATCH($A16&"-1",Matches!$J$2:$J$201,0))),0,IF(D16-E16=INDEX(Matches!$G$2:$G$201,MATCH($A16&"-1",Matches!$J$2:$J$201,0))-INDEX(Matches!$H$2:$H$201,MATCH($A16&"-1",Matches!$J$2:$J$201,0)),3,2))))),"")) | Y16: =IF(OR($B16="",F16="",G16=""),"",IFERROR(IF(OR(INDEX(Matches!$I$2:$I$201,MATCH($A16&"-2",Matches!$J$2:$J$201,0))="Void",INDEX(Matches!$G$2:$G$201,MATCH($A16&"-2",Matches!$J$2:$J$201,0))="",INDEX(Matches!$H$2:$H$201,MATCH($A16&"-2",Matches!$J$2:$J$201,0))=""),"",IF(AND($C16<>"",INDEX(Matches!$F$2:$F$201,MATCH($A16&"-2",Matches!$J$2:$J$201,0))<>"",$C16>=INDEX(Matches!$F$2:$F$201,MATCH($A16&"-2",Matches!$J$2:$J$201,0))),"",IF(AND(F16=INDEX(Matches!$G$2:$G$201,MATCH($A16&"-2",Matches!$J$2:$J$201,0)),G16=INDEX(Matches!$H$2:$H$201,MATCH($A16&"-2",Matches!$J$2:$J$201,0))),5,IF(SIGN(F16-G16)<>SIGN(INDEX(Matches!$G$2:$G$201,MATCH($A16&"-2",Matches!$J$2:$J$201,0))-INDEX(Matches!$H$2:$H$201,MATCH($A16&"-2",Matches!$J$2:$J$201,0))),0,IF(F16-G16=INDEX(Matches!$G$2:$G$201,MATCH($A16&"-2",Matches!$J$2:$J$201,0))-INDEX(Matches!$H$2:$H$201,MATCH($A16&"-2",Matches!$J$2:$J$201,0)),3,2))))),"")) | Z16: =IF(OR($B16="",H16="",I16=""),"",IFERROR(IF(OR(INDEX(Matches!$I$2:$I$201,MATCH($A16&"-3",Matches!$J$2:$J$201,0))="Void",INDEX(Matches!$G$2:$G$201,MATCH($A16&"-3",Matches!$J$2:$J$201,0))="",INDEX(Matches!$H$2:$H$201,MATCH($A16&"-3",Matches!$J$2:$J$201,0))=""),"",IF(AND($C16<>"",INDEX(Matches!$F$2:$F$201,MATCH($A16&"-3",Matches!$J$2:$J$201,0))<>"",$C16>=INDEX(Matches!$F$2:$F$201,MATCH($A16&"-3",Matches!$J$2:$J$201,0))),"",IF(AND(H16=INDEX(Matches!$G$2:$G$201,MATCH($A16&"-3",Matches!$J$2:$J$201,0)),I16=INDEX(Matches!$H$2:$H$201,MATCH($A16&"-3",Matches!$J$2:$J$201,0))),5,IF(SIGN(H16-I16)<>SIGN(INDEX(Matches!$G$2:$G$201,MATCH($A16&"-3",Matches!$J$2:$J$201,0))-INDEX(Matches!$H$2:$H$201,MATCH($A16&"-3",Matches!$J$2:$J$201,0))),0,IF(H16-I16=INDEX(Matches!$G$2:$G$201,MATCH($A16&"-3",Matches!$J$2:$J$201,0))-INDEX(Matches!$H$2:$H$201,MATCH($A16&"-3",Matches!$J$2:$J$201,0)),3,2))))),"")) | AA16: =IF(OR($B16="",J16="",K16=""),"",IFERROR(IF(OR(INDEX(Matches!$I$2:$I$201,MATCH($A16&"-4",Matches!$J$2:$J$201,0))="Void",INDEX(Matches!$G$2:$G$201,MATCH($A16&"-4",Matches!$J$2:$J$201,0))="",INDEX(Matches!$H$2:$H$201,MATCH($A16&"-4",Matches!$J$2:$J$201,0))=""),"",IF(AND($C16<>"",INDEX(Matches!$F$2:$F$201,MATCH($A16&"-4",Matches!$J$2:$J$201,0))<>"",$C16>=INDEX(Matches!$F$2:$F$201,MATCH($A16&"-4",Matches!$J$2:$J$201,0))),"",IF(AND(J16=INDEX(Matches!$G$2:$G$201,MATCH($A16&"-4",Matches!$J$2:$J$201,0)),K16=INDEX(Matches!$H$2:$H$201,MATCH($A16&"-4",Matches!$J$2:$J$201,0))),5,IF(SIGN(J16-K16)<>SIGN(INDEX(Matches!$G$2:$G$201,MATCH($A16&"-4",Matches!$J$2:$J$201,0))-INDEX(Matches!$H$2:$H$201,MATCH($A16&"-4",Matches!$J$2:$J$201,0))),0,IF(J16-K16=INDEX(Matches!$G$2:$G$201,MATCH($A16&"-4",Matches!$J$2:$J$201,0))-INDEX(Matches!$H$2:$H$201,MATCH($A16&"-4",Matches!$J$2:$J$201,0)),3,2))))),"")) | AB16: =IF(OR($B16="",L16="",M16=""),"",IFERROR(IF(OR(INDEX(Matches!$I$2:$I$201,MATCH($A16&"-5",Matches!$J$2:$J$201,0))="Void",INDEX(Matches!$G$2:$G$201,MATCH($A16&"-5",Matches!$J$2:$J$201,0))="",INDEX(Matches!$H$2:$H$201,MATCH($A16&"-5",Matches!$J$2:$J$201,0))=""),"",IF(AND($C16<>"",INDEX(Matches!$F$2:$F$201,MATCH($A16&"-5",Matches!$J$2:$J$201,0))<>"",$C16>=INDEX(Matches!$F$2:$F$201,MATCH($A16&"-5",Matches!$J$2:$J$201,0))),"",IF(AND(L16=INDEX(Matches!$G$2:$G$201,MATCH($A16&"-5",Matches!$J$2:$J$201,0)),M16=INDEX(Matches!$H$2:$H$201,MATCH($A16&"-5",Matches!$J$2:$J$201,0))),5,IF(SIGN(L16-M16)<>SIGN(INDEX(Matches!$G$2:$G$201,MATCH($A16&"-5",Matches!$J$2:$J$201,0))-INDEX(Matches!$H$2:$H$201,MATCH($A16&"-5",Matches!$J$2:$J$201,0))),0,IF(L16-M16=INDEX(Matches!$G$2:$G$201,MATCH($A16&"-5",Matches!$J$2:$J$201,0))-INDEX(Matches!$H$2:$H$201,MATCH($A16&"-5",Matches!$J$2:$J$201,0)),3,2))))),"")) | AC16: =IF(OR($B16="",N16="",O16=""),"",IFERROR(IF(OR(INDEX(Matches!$I$2:$I$201,MATCH($A16&"-6",Matches!$J$2:$J$201,0))="Void",INDEX(Matches!$G$2:$G$201,MATCH($A16&"-6",Matches!$J$2:$J$201,0))="",INDEX(Matches!$H$2:$H$201,MATCH($A16&"-6",Matches!$J$2:$J$201,0))=""),"",IF(AND($C16<>"",INDEX(Matches!$F$2:$F$201,MATCH($A16&"-6",Matches!$J$2:$J$201,0))<>"",$C16>=INDEX(Matches!$F$2:$F$201,MATCH($A16&"-6",Matches!$J$2:$J$201,0))),"",IF(AND(N16=INDEX(Matches!$G$2:$G$201,MATCH($A16&"-6",Matches!$J$2:$J$201,0)),O16=INDEX(Matches!$H$2:$H$201,MATCH($A16&"-6",Matches!$J$2:$J$201,0))),5,IF(SIGN(N16-O16)<>SIGN(INDEX(Matches!$G$2:$G$201,MATCH($A16&"-6",Matches!$J$2:$J$201,0))-INDEX(Matches!$H$2:$H$201,MATCH($A16&"-6",Matches!$J$2:$J$201,0))),0,IF(N16-O16=INDEX(Matches!$G$2:$G$201,MATCH($A16&"-6",Matches!$J$2:$J$201,0))-INDEX(Matches!$H$2:$H$201,MATCH($A16&"-6",Matches!$J$2:$J$201,0)),3,2))))),"")) | AD16: =IF(OR($B16="",P16="",Q16=""),"",IFERROR(IF(OR(INDEX(Matches!$I$2:$I$201,MATCH($A16&"-7",Matches!$J$2:$J$201,0))="Void",INDEX(Matches!$G$2:$G$201,MATCH($A16&"-7",Matches!$J$2:$J$201,0))="",INDEX(Matches!$H$2:$H$201,MATCH($A16&"-7",Matches!$J$2:$J$201,0))=""),"",IF(AND($C16<>"",INDEX(Matches!$F$2:$F$201,MATCH($A16&"-7",Matches!$J$2:$J$201,0))<>"",$C16>=INDEX(Matches!$F$2:$F$201,MATCH($A16&"-7",Matches!$J$2:$J$201,0))),"",IF(AND(P16=INDEX(Matches!$G$2:$G$201,MATCH($A16&"-7",Matches!$J$2:$J$201,0)),Q16=INDEX(Matches!$H$2:$H$201,MATCH($A16&"-7",Matches!$J$2:$J$201,0))),5,IF(SIGN(P16-Q16)<>SIGN(INDEX(Matches!$G$2:$G$201,MATCH($A16&"-7",Matches!$J$2:$J$201,0))-INDEX(Matches!$H$2:$H$201,MATCH($A16&"-7",Matches!$J$2:$J$201,0))),0,IF(P16-Q16=INDEX(Matches!$G$2:$G$201,MATCH($A16&"-7",Matches!$J$2:$J$201,0))-INDEX(Matches!$H$2:$H$201,MATCH($A16&"-7",Matches!$J$2:$J$201,0)),3,2))))),"")) | AE16: =IF(OR($B16="",R16="",S16=""),"",IFERROR(IF(OR(INDEX(Matches!$I$2:$I$201,MATCH($A16&"-8",Matches!$J$2:$J$201,0))="Void",INDEX(Matches!$G$2:$G$201,MATCH($A16&"-8",Matches!$J$2:$J$201,0))="",INDEX(Matches!$H$2:$H$201,MATCH($A16&"-8",Matches!$J$2:$J$201,0))=""),"",IF(AND($C16<>"",INDEX(Matches!$F$2:$F$201,MATCH($A16&"-8",Matches!$J$2:$J$201,0))<>"",$C16>=INDEX(Matches!$F$2:$F$201,MATCH($A16&"-8",Matches!$J$2:$J$201,0))),"",IF(AND(R16=INDEX(Matches!$G$2:$G$201,MATCH($A16&"-8",Matches!$J$2:$J$201,0)),S16=INDEX(Matches!$H$2:$H$201,MATCH($A16&"-8",Matches!$J$2:$J$201,0))),5,IF(SIGN(R16-S16)<>SIGN(INDEX(Matches!$G$2:$G$201,MATCH($A16&"-8",Matches!$J$2:$J$201,0))-INDEX(Matches!$H$2:$H$201,MATCH($A16&"-8",Matches!$J$2:$J$201,0))),0,IF(R16-S16=INDEX(Matches!$G$2:$G$201,MATCH($A16&"-8",Matches!$J$2:$J$201,0))-INDEX(Matches!$H$2:$H$201,MATCH($A16&"-8",Matches!$J$2:$J$201,0)),3,2))))),"")) | AF16: =IF(OR($B16="",T16="",U16=""),"",IFERROR(IF(OR(INDEX(Matches!$I$2:$I$201,MATCH($A16&"-9",Matches!$J$2:$J$201,0))="Void",INDEX(Matches!$G$2:$G$201,MATCH($A16&"-9",Matches!$J$2:$J$201,0))="",INDEX(Matches!$H$2:$H$201,MATCH($A16&"-9",Matches!$J$2:$J$201,0))=""),"",IF(AND($C16<>"",INDEX(Matches!$F$2:$F$201,MATCH($A16&"-9",Matches!$J$2:$J$201,0))<>"",$C16>=INDEX(Matches!$F$2:$F$201,MATCH($A16&"-9",Matches!$J$2:$J$201,0))),"",IF(AND(T16=INDEX(Matches!$G$2:$G$201,MATCH($A16&"-9",Matches!$J$2:$J$201,0)),U16=INDEX(Matches!$H$2:$H$201,MATCH($A16&"-9",Matches!$J$2:$J$201,0))),5,IF(SIGN(T16-U16)<>SIGN(INDEX(Matches!$G$2:$G$201,MATCH($A16&"-9",Matches!$J$2:$J$201,0))-INDEX(Matches!$H$2:$H$201,MATCH($A16&"-9",Matches!$J$2:$J$201,0))),0,IF(T16-U16=INDEX(Matches!$G$2:$G$201,MATCH($A16&"-9",Matches!$J$2:$J$201,0))-INDEX(Matches!$H$2:$H$201,MATCH($A16&"-9",Matches!$J$2:$J$201,0)),3,2))))),"")) | AG16: =IF(OR($B16="",V16="",W16=""),"",IFERROR(IF(OR(INDEX(Matches!$I$2:$I$201,MATCH($A16&"-10",Matches!$J$2:$J$201,0))="Void",INDEX(Matches!$G$2:$G$201,MATCH($A16&"-10",Matches!$J$2:$J$201,0))="",INDEX(Matches!$H$2:$H$201,MATCH($A16&"-10",Matches!$J$2:$J$201,0))=""),"",IF(AND($C16<>"",INDEX(Matches!$F$2:$F$201,MATCH($A16&"-10",Matches!$J$2:$J$201,0))<>"",$C16>=INDEX(Matches!$F$2:$F$201,MATCH($A16&"-10",Matches!$J$2:$J$201,0))),"",IF(AND(V16=INDEX(Matches!$G$2:$G$201,MATCH($A16&"-10",Matches!$J$2:$J$201,0)),W16=INDEX(Matches!$H$2:$H$201,MATCH($A16&"-10",Matches!$J$2:$J$201,0))),5,IF(SIGN(V16-W16)<>SIGN(INDEX(Matches!$G$2:$G$201,MATCH($A16&"-10",Matches!$J$2:$J$201,0))-INDEX(Matches!$H$2:$H$201,MATCH($A16&"-10",Matches!$J$2:$J$201,0))),0,IF(V16-W16=INDEX(Matches!$G$2:$G$201,MATCH($A16&"-10",Matches!$J$2:$J$201,0))-INDEX(Matches!$H$2:$H$201,MATCH($A16&"-10",Matches!$J$2:$J$201,0)),3,2))))),"")) | AH16: =IF($B16="","",SUM(X16:AG16)) | AI16: =IF($B16="","",COUNTIF(X16:AG16,5)) | AJ16: =IF($B16="","",COUNTIF(X16:AG16,">=2")) | AK16: =IF($B16="","",COUNT(X16:AG16))
... X2001: =IF(OR($B2001="",D2001="",E2001=""),"",IFERROR(IF(OR(INDEX(Matches!$I$2:$I$201,MATCH($A2001&"-1",Matches!$J$2:$J$201,0))="Void",INDEX(Matches!$G$2:$G$201,MATCH($A2001&"-1",Matches!$J$2:$J$201,0))="",INDEX(Matches!$H$2:$H$201,MATCH($A2001&"-1",Matches!$J$2:$J$201,0))=""),"",IF(AND($C2001<>"",INDEX(Matches!$F$2:$F$201,MATCH($A2001&"-1",Matches!$J$2:$J$201,0))<>"",$C2001>=INDEX(Matches!$F$2:$F$201,MATCH($A2001&"-1",Matches!$J$2:$J$201,0))),"",IF(AND(D2001=INDEX(Matches!$G$2:$G$201,MATCH($A2001&"-1",Matches!$J$2:$J$201,0)),E2001=INDEX(Matches!$H$2:$H$201,MATCH($A2001&"-1",Matches!$J$2:$J$201,0))),5,IF(SIGN(D2001-E2001)<>SIGN(INDEX(Matches!$G$2:$G$201,MATCH($A2001&"-1",Matches!$J$2:$J$201,0))-INDEX(Matches!$H$2:$H$201,MATCH($A2001&"-1",Matches!$J$2:$J$201,0))),0,IF(D2001-E2001=INDEX(Matches!$G$2:$G$201,MATCH($A2001&"-1",Matches!$J$2:$J$201,0))-INDEX(Matches!$H$2:$H$201,MATCH($A2001&"-1",Matches!$J$2:$J$201,0)),3,2))))),"")) | Y2001: =IF(OR($B2001="",F2001="",G2001=""),"",IFERROR(IF(OR(INDEX(Matches!$I$2:$I$201,MATCH($A2001&"-2",Matches!$J$2:$J$201,0))="Void",INDEX(Matches!$G$2:$G$201,MATCH($A2001&"-2",Matches!$J$2:$J$201,0))="",INDEX(Matches!$H$2:$H$201,MATCH($A2001&"-2",Matches!$J$2:$J$201,0))=""),"",IF(AND($C2001<>"",INDEX(Matches!$F$2:$F$201,MATCH($A2001&"-2",Matches!$J$2:$J$201,0))<>"",$C2001>=INDEX(Matches!$F$2:$F$201,MATCH($A2001&"-2",Matches!$J$2:$J$201,0))),"",IF(AND(F2001=INDEX(Matches!$G$2:$G$201,MATCH($A2001&"-2",Matches!$J$2:$J$201,0)),G2001=INDEX(Matches!$H$2:$H$201,MATCH($A2001&"-2",Matches!$J$2:$J$201,0))),5,IF(SIGN(F2001-G2001)<>SIGN(INDEX(Matches!$G$2:$G$201,MATCH($A2001&"-2",Matches!$J$2:$J$201,0))-INDEX(Matches!$H$2:$H$201,MATCH($A2001&"-2",Matches!$J$2:$J$201,0))),0,IF(F2001-G2001=INDEX(Matches!$G$2:$G$201,MATCH($A2001&"-2",Matches!$J$2:$J$201,0))-INDEX(Matches!$H$2:$H$201,MATCH($A2001&"-2",Matches!$J$2:$J$201,0)),3,2))))),"")) | Z2001: =IF(OR($B2001="",H2001="",I2001=""),"",IFERROR(IF(OR(INDEX(Matches!$I$2:$I$201,MATCH($A2001&"-3",Matches!$J$2:$J$201,0))="Void",INDEX(Matches!$G$2:$G$201,MATCH($A2001&"-3",Matches!$J$2:$J$201,0))="",INDEX(Matches!$H$2:$H$201,MATCH($A2001&"-3",Matches!$J$2:$J$201,0))=""),"",IF(AND($C2001<>"",INDEX(Matches!$F$2:$F$201,MATCH($A2001&"-3",Matches!$J$2:$J$201,0))<>"",$C2001>=INDEX(Matches!$F$2:$F$201,MATCH($A2001&"-3",Matches!$J$2:$J$201,0))),"",IF(AND(H2001=INDEX(Matches!$G$2:$G$201,MATCH($A2001&"-3",Matches!$J$2:$J$201,0)),I2001=INDEX(Matches!$H$2:$H$201,MATCH($A2001&"-3",Matches!$J$2:$J$201,0))),5,IF(SIGN(H2001-I2001)<>SIGN(INDEX(Matches!$G$2:$G$201,MATCH($A2001&"-3",Matches!$J$2:$J$201,0))-INDEX(Matches!$H$2:$H$201,MATCH($A2001&"-3",Matches!$J$2:$J$201,0))),0,IF(H2001-I2001=INDEX(Matches!$G$2:$G$201,MATCH($A2001&"-3",Matches!$J$2:$J$201,0))-INDEX(Matches!$H$2:$H$201,MATCH($A2001&"-3",Matches!$J$2:$J$201,0)),3,2))))),"")) | AA2001: =IF(OR($B2001="",J2001="",K2001=""),"",IFERROR(IF(OR(INDEX(Matches!$I$2:$I$201,MATCH($A2001&"-4",Matches!$J$2:$J$201,0))="Void",INDEX(Matches!$G$2:$G$201,MATCH($A2001&"-4",Matches!$J$2:$J$201,0))="",INDEX(Matches!$H$2:$H$201,MATCH($A2001&"-4",Matches!$J$2:$J$201,0))=""),"",IF(AND($C2001<>"",INDEX(Matches!$F$2:$F$201,MATCH($A2001&"-4",Matches!$J$2:$J$201,0))<>"",$C2001>=INDEX(Matches!$F$2:$F$201,MATCH($A2001&"-4",Matches!$J$2:$J$201,0))),"",IF(AND(J2001=INDEX(Matches!$G$2:$G$201,MATCH($A2001&"-4",Matches!$J$2:$J$201,0)),K2001=INDEX(Matches!$H$2:$H$201,MATCH($A2001&"-4",Matches!$J$2:$J$201,0))),5,IF(SIGN(J2001-K2001)<>SIGN(INDEX(Matches!$G$2:$G$201,MATCH($A2001&"-4",Matches!$J$2:$J$201,0))-INDEX(Matches!$H$2:$H$201,MATCH($A2001&"-4",Matches!$J$2:$J$201,0))),0,IF(J2001-K2001=INDEX(Matches!$G$2:$G$201,MATCH($A2001&"-4",Matches!$J$2:$J$201,0))-INDEX(Matches!$H$2:$H$201,MATCH($A2001&"-4",Matches!$J$2:$J$201,0)),3,2))))),"")) | AB2001: =IF(OR($B2001="",L2001="",M2001=""),"",IFERROR(IF(OR(INDEX(Matches!$I$2:$I$201,MATCH($A2001&"-5",Matches!$J$2:$J$201,0))="Void",INDEX(Matches!$G$2:$G$201,MATCH($A2001&"-5",Matches!$J$2:$J$201,0))="",INDEX(Matches!$H$2:$H$201,MATCH($A2001&"-5",Matches!$J$2:$J$201,0))=""),"",IF(AND($C2001<>"",INDEX(Matches!$F$2:$F$201,MATCH($A2001&"-5",Matches!$J$2:$J$201,0))<>"",$C2001>=INDEX(Matches!$F$2:$F$201,MATCH($A2001&"-5",Matches!$J$2:$J$201,0))),"",IF(AND(L2001=INDEX(Matches!$G$2:$G$201,MATCH($A2001&"-5",Matches!$J$2:$J$201,0)),M2001=INDEX(Matches!$H$2:$H$201,MATCH($A2001&"-5",Matches!$J$2:$J$201,0))),5,IF(SIGN(L2001-M2001)<>SIGN(INDEX(Matches!$G$2:$G$201,MATCH($A2001&"-5",Matches!$J$2:$J$201,0))-INDEX(Matches!$H$2:$H$201,MATCH($A2001&"-5",Matches!$J$2:$J$201,0))),0,IF(L2001-M2001=INDEX(Matches!$G$2:$G$201,MATCH($A2001&"-5",Matches!$J$2:$J$201,0))-INDEX(Matches!$H$2:$H$201,MATCH($A2001&"-5",Matches!$J$2:$J$201,0)),3,2))))),"")) | AC2001: =IF(OR($B2001="",N2001="",O2001=""),"",IFERROR(IF(OR(INDEX(Matches!$I$2:$I$201,MATCH($A2001&"-6",Matches!$J$2:$J$201,0))="Void",INDEX(Matches!$G$2:$G$201,MATCH($A2001&"-6",Matches!$J$2:$J$201,0))="",INDEX(Matches!$H$2:$H$201,MATCH($A2001&"-6",Matches!$J$2:$J$201,0))=""),"",IF(AND($C2001<>"",INDEX(Matches!$F$2:$F$201,MATCH($A2001&"-6",Matches!$J$2:$J$201,0))<>"",$C2001>=INDEX(Matches!$F$2:$F$201,MATCH($A2001&"-6",Matches!$J$2:$J$201,0))),"",IF(AND(N2001=INDEX(Matches!$G$2:$G$201,MATCH($A2001&"-6",Matches!$J$2:$J$201,0)),O2001=INDEX(Matches!$H$2:$H$201,MATCH($A2001&"-6",Matches!$J$2:$J$201,0))),5,IF(SIGN(N2001-O2001)<>SIGN(INDEX(Matches!$G$2:$G$201,MATCH($A2001&"-6",Matches!$J$2:$J$201,0))-INDEX(Matches!$H$2:$H$201,MATCH($A2001&"-6",Matches!$J$2:$J$201,0))),0,IF(N2001-O2001=INDEX(Matches!$G$2:$G$201,MATCH($A2001&"-6",Matches!$J$2:$J$201,0))-INDEX(Matches!$H$2:$H$201,MATCH($A2001&"-6",Matches!$J$2:$J$201,0)),3,2))))),"")) | AD2001: =IF(OR($B2001="",P2001="",Q2001=""),"",IFERROR(IF(OR(INDEX(Matches!$I$2:$I$201,MATCH($A2001&"-7",Matches!$J$2:$J$201,0))="Void",INDEX(Matches!$G$2:$G$201,MATCH($A2001&"-7",Matches!$J$2:$J$201,0))="",INDEX(Matches!$H$2:$H$201,MATCH($A2001&"-7",Matches!$J$2:$J$201,0))=""),"",IF(AND($C2001<>"",INDEX(Matches!$F$2:$F$201,MATCH($A2001&"-7",Matches!$J$2:$J$201,0))<>"",$C2001>=INDEX(Matches!$F$2:$F$201,MATCH($A2001&"-7",Matches!$J$2:$J$201,0))),"",IF(AND(P2001=INDEX(Matches!$G$2:$G$201,MATCH($A2001&"-7",Matches!$J$2:$J$201,0)),Q2001=INDEX(Matches!$H$2:$H$201,MATCH($A2001&"-7",Matches!$J$2:$J$201,0))),5,IF(SIGN(P2001-Q2001)<>SIGN(INDEX(Matches!$G$2:$G$201,MATCH($A2001&"-7",Matches!$J$2:$J$201,0))-INDEX(Matches!$H$2:$H$201,MATCH($A2001&"-7",Matches!$J$2:$J$201,0))),0,IF(P2001-Q2001=INDEX(Matches!$G$2:$G$201,MATCH($A2001&"-7",Matches!$J$2:$J$201,0))-INDEX(Matches!$H$2:$H$201,MATCH($A2001&"-7",Matches!$J$2:$J$201,0)),3,2))))),"")) | AE2001: =IF(OR($B2001="",R2001="",S2001=""),"",IFERROR(IF(OR(INDEX(Matches!$I$2:$I$201,MATCH($A2001&"-8",Matches!$J$2:$J$201,0))="Void",INDEX(Matches!$G$2:$G$201,MATCH($A2001&"-8",Matches!$J$2:$J$201,0))="",INDEX(Matches!$H$2:$H$201,MATCH($A2001&"-8",Matches!$J$2:$J$201,0))=""),"",IF(AND($C2001<>"",INDEX(Matches!$F$2:$F$201,MATCH($A2001&"-8",Matches!$J$2:$J$201,0))<>"",$C2001>=INDEX(Matches!$F$2:$F$201,MATCH($A2001&"-8",Matches!$J$2:$J$201,0))),"",IF(AND(R2001=INDEX(Matches!$G$2:$G$201,MATCH($A2001&"-8",Matches!$J$2:$J$201,0)),S2001=INDEX(Matches!$H$2:$H$201,MATCH($A2001&"-8",Matches!$J$2:$J$201,0))),5,IF(SIGN(R2001-S2001)<>SIGN(INDEX(Matches!$G$2:$G$201,MATCH($A2001&"-8",Matches!$J$2:$J$201,0))-INDEX(Matches!$H$2:$H$201,MATCH($A2001&"-8",Matches!$J$2:$J$201,0))),0,IF(R2001-S2001=INDEX(Matches!$G$2:$G$201,MATCH($A2001&"-8",Matches!$J$2:$J$201,0))-INDEX(Matches!$H$2:$H$201,MATCH($A2001&"-8",Matches!$J$2:$J$201,0)),3,2))))),"")) | AF2001: =IF(OR($B2001="",T2001="",U2001=""),"",IFERROR(IF(OR(INDEX(Matches!$I$2:$I$201,MATCH($A2001&"-9",Matches!$J$2:$J$201,0))="Void",INDEX(Matches!$G$2:$G$201,MATCH($A2001&"-9",Matches!$J$2:$J$201,0))="",INDEX(Matches!$H$2:$H$201,MATCH($A2001&"-9",Matches!$J$2:$J$201,0))=""),"",IF(AND($C2001<>"",INDEX(Matches!$F$2:$F$201,MATCH($A2001&"-9",Matches!$J$2:$J$201,0))<>"",$C2001>=INDEX(Matches!$F$2:$F$201,MATCH($A2001&"-9",Matches!$J$2:$J$201,0))),"",IF(AND(T2001=INDEX(Matches!$G$2:$G$201,MATCH($A2001&"-9",Matches!$J$2:$J$201,0)),U2001=INDEX(Matches!$H$2:$H$201,MATCH($A2001&"-9",Matches!$J$2:$J$201,0))),5,IF(SIGN(T2001-U2001)<>SIGN(INDEX(Matches!$G$2:$G$201,MATCH($A2001&"-9",Matches!$J$2:$J$201,0))-INDEX(Matches!$H$2:$H$201,MATCH($A2001&"-9",Matches!$J$2:$J$201,0))),0,IF(T2001-U2001=INDEX(Matches!$G$2:$G$201,MATCH($A2001&"-9",Matches!$J$2:$J$201,0))-INDEX(Matches!$H$2:$H$201,MATCH($A2001&"-9",Matches!$J$2:$J$201,0)),3,2))))),"")) | AG2001: =IF(OR($B2001="",V2001="",W2001=""),"",IFERROR(IF(OR(INDEX(Matches!$I$2:$I$201,MATCH($A2001&"-10",Matches!$J$2:$J$201,0))="Void",INDEX(Matches!$G$2:$G$201,MATCH($A2001&"-10",Matches!$J$2:$J$201,0))="",INDEX(Matches!$H$2:$H$201,MATCH($A2001&"-10",Matches!$J$2:$J$201,0))=""),"",IF(AND($C2001<>"",INDEX(Matches!$F$2:$F$201,MATCH($A2001&"-10",Matches!$J$2:$J$201,0))<>"",$C2001>=INDEX(Matches!$F$2:$F$201,MATCH($A2001&"-10",Matches!$J$2:$J$201,0))),"",IF(AND(V2001=INDEX(Matches!$G$2:$G$201,MATCH($A2001&"-10",Matches!$J$2:$J$201,0)),W2001=INDEX(Matches!$H$2:$H$201,MATCH($A2001&"-10",Matches!$J$2:$J$201,0))),5,IF(SIGN(V2001-W2001)<>SIGN(INDEX(Matches!$G$2:$G$201,MATCH($A2001&"-10",Matches!$J$2:$J$201,0))-INDEX(Matches!$H$2:$H$201,MATCH($A2001&"-10",Matches!$J$2:$J$201,0))),0,IF(V2001-W2001=INDEX(Matches!$G$2:$G$201,MATCH($A2001&"-10",Matches!$J$2:$J$201,0))-INDEX(Matches!$H$2:$H$201,MATCH($A2001&"-10",Matches!$J$2:$J$201,0)),3,2))))),"")) | AH2001: =IF($B2001="","",SUM(X2001:AG2001)) | AI2001: =IF($B2001="","",COUNTIF(X2001:AG2001,5)) | AJ2001: =IF($B2001="","",COUNTIF(X2001:AG2001,">=2")) | AK2001: =IF($B2001="","",COUNT(X2001:AG2001))

Sheet Leaderboard
A1: Leaderboard / الترتيب
A2: Week to show → | B2: 1
A3: All players (auto from Players sheet). Sorted top-50 tables are on the right → | O3: TOP 50 — selected week (post this) | W3: TOP 50 — season (post this)
A4: Player | B4: Club | C4: Week pts | D4: Week exact | E4: Week correct | F4: Week picks | G4: Season pts | H4: Season exact | I4: Season correct | J4: Season picks | K4: Accuracy | L4: Week key | M4: Season key | O4: Rank | P4: Player | Q4: Club | R4: Points | S4: Exact | T4: Correct | U4: Picks | W4: Rank | X4: Player | Y4: Club | Z4: Points | AA4: Exact | AB4: Correct | AC4: Picks
A5: =IF(Players!A2="","",Players!A2) -> Example – Faisal | B5: =IF(A5="","",Players!B2) -> Al Hilal | C5: =IF(A5="","",SUMIFS(Predictions!$AH$2:$AH$2001,Predictions!$B$2:$B$2001,A5,Predictions!$A$2:$A$2001,$B$2)) -> 5 | D5: =IF(A5="","",SUMIFS(Predictions!$AI$2:$AI$2001,Predictions!$B$2:$B$2001,A5,Predictions!$A$2:$A$2001,$B$2)) -> 1 | E5: =IF(A5="","",SUMIFS(Predictions!$AJ$2:$AJ$2001,Predictions!$B$2:$B$2001,A5,Predictions!$A$2:$A$2001,$B$2)) -> 1 | F5: =IF(A5="","",SUMIFS(Predictions!$AK$2:$AK$2001,Predictions!$B$2:$B$2001,A5,Predictions!$A$2:$A$2001,$B$2)) -> 3 | G5: =IF(A5="","",SUMIFS(Predictions!$AH$2:$AH$2001,Predictions!$B$2:$B$2001,A5)) -> 5 | H5: =IF(A5="","",SUMIFS(Predictions!$AI$2:$AI$2001,Predictions!$B$2:$B$2001,A5)) -> 1 | I5: =IF(A5="","",SUMIFS(Predictions!$AJ$2:$AJ$2001,Predictions!$B$2:$B$2001,A5)) -> 1 | J5: =IF(A5="","",SUMIFS(Predictions!$AK$2:$AK$2001,Predictions!$B$2:$B$2001,A5)) -> 3 | K5: =IF(OR(A5="",J5=0),"",I5/J5) -> 0.33333333 | L5: =IF(A5="",-1,C5*10000+D5*100+E5+(1000-ROW())/100000) -> 50101.01 | M5: =IF(A5="",-1,G5*10000+H5*100+I5+(1000-ROW())/100000) -> 50101.01 | O5: =IF(LARGE($L$5:$L$204,1)<0,"",SUMPRODUCT(--(INT($L$5:$L$204)>INT(LARGE($L$5:$L$204,1))))+1) -> 1 | P5: =IF(LARGE($L$5:$L$204,1)<0,"",INDEX($A$5:$A$204,MATCH(LARGE($L$5:$L$204,1),$L$5:$L$204,0))) -> Example – Khalid | Q5: =IF(LARGE($L$5:$L$204,1)<0,"",INDEX($B$5:$B$204,MATCH(LARGE($L$5:$L$204,1),$L$5:$L$204,0))) -> Al Nassr | R5: =IF(LARGE($L$5:$L$204,1)<0,"",INDEX($C$5:$C$204,MATCH(LARGE($L$5:$L$204,1),$L$5:$L$204,0))) -> 7 | S5: =IF(LARGE($L$5:$L$204,1)<0,"",INDEX($D$5:$D$204,MATCH(LARGE($L$5:$L$204,1),$L$5:$L$204,0))) -> 1 | T5: =IF(LARGE($L$5:$L$204,1)<0,"",INDEX($E$5:$E$204,MATCH(LARGE($L$5:$L$204,1),$L$5:$L$204,0))) -> 2 | U5: =IF(LARGE($L$5:$L$204,1)<0,"",INDEX($F$5:$F$204,MATCH(LARGE($L$5:$L$204,1),$L$5:$L$204,0))) -> 3 | W5: =IF(LARGE($M$5:$M$204,1)<0,"",SUMPRODUCT(--(INT($M$5:$M$204)>INT(LARGE($M$5:$M$204,1))))+1) -> 1 | X5: =IF(LARGE($M$5:$M$204,1)<0,"",INDEX($A$5:$A$204,MATCH(LARGE($M$5:$M$204,1),$M$5:$M$204,0))) -> Example – Khalid | Y5: =IF(LARGE($M$5:$M$204,1)<0,"",INDEX($B$5:$B$204,MATCH(LARGE($M$5:$M$204,1),$M$5:$M$204,0))) -> Al Nassr | Z5: =IF(LARGE($M$5:$M$204,1)<0,"",INDEX($G$5:$G$204,MATCH(LARGE($M$5:$M$204,1),$M$5:$M$204,0))) -> 7 | AA5: =IF(LARGE($M$5:$M$204,1)<0,"",INDEX($H$5:$H$204,MATCH(LARGE($M$5:$M$204,1),$M$5:$M$204,0))) -> 1 | AB5: =IF(LARGE($M$5:$M$204,1)<0,"",INDEX($I$5:$I$204,MATCH(LARGE($M$5:$M$204,1),$M$5:$M$204,0))) -> 2 | AC5: =IF(LARGE($M$5:$M$204,1)<0,"",INDEX($J$5:$J$204,MATCH(LARGE($M$5:$M$204,1),$M$5:$M$204,0))) -> 3
A6: =IF(Players!A3="","",Players!A3) -> Example – Khalid | B6: =IF(A6="","",Players!B3) -> Al Nassr | C6: =IF(A6="","",SUMIFS(Predictions!$AH$2:$AH$2001,Predictions!$B$2:$B$2001,A6,Predictions!$A$2:$A$2001,$B$2)) -> 7 | D6: =IF(A6="","",SUMIFS(Predictions!$AI$2:$AI$2001,Predictions!$B$2:$B$2001,A6,Predictions!$A$2:$A$2001,$B$2)) -> 1 | E6: =IF(A6="","",SUMIFS(Predictions!$AJ$2:$AJ$2001,Predictions!$B$2:$B$2001,A6,Predictions!$A$2:$A$2001,$B$2)) -> 2 | F6: =IF(A6="","",SUMIFS(Predictions!$AK$2:$AK$2001,Predictions!$B$2:$B$2001,A6,Predictions!$A$2:$A$2001,$B$2)) -> 3 | G6: =IF(A6="","",SUMIFS(Predictions!$AH$2:$AH$2001,Predictions!$B$2:$B$2001,A6)) -> 7 | H6: =IF(A6="","",SUMIFS(Predictions!$AI$2:$AI$2001,Predictions!$B$2:$B$2001,A6)) -> 1 | I6: =IF(A6="","",SUMIFS(Predictions!$AJ$2:$AJ$2001,Predictions!$B$2:$B$2001,A6)) -> 2 | J6: =IF(A6="","",SUMIFS(Predictions!$AK$2:$AK$2001,Predictions!$B$2:$B$2001,A6)) -> 3 | K6: =IF(OR(A6="",J6=0),"",I6/J6) -> 0.66666667 | L6: =IF(A6="",-1,C6*10000+D6*100+E6+(1000-ROW())/100000) -> 70102.01 | M6: =IF(A6="",-1,G6*10000+H6*100+I6+(1000-ROW())/100000) -> 70102.01 | O6: =IF(LARGE($L$5:$L$204,2)<0,"",SUMPRODUCT(--(INT($L$5:$L$204)>INT(LARGE($L$5:$L$204,2))))+1) -> 2 | P6: =IF(LARGE($L$5:$L$204,2)<0,"",INDEX($A$5:$A$204,MATCH(LARGE($L$5:$L$204,2),$L$5:$L$204,0))) -> Example – Omar | Q6: =IF(LARGE($L$5:$L$204,2)<0,"",INDEX($B$5:$B$204,MATCH(LARGE($L$5:$L$204,2),$L$5:$L$204,0))) -> Al Ain | R6: =IF(LARGE($L$5:$L$204,2)<0,"",INDEX($C$5:$C$204,MATCH(LARGE($L$5:$L$204,2),$L$5:$L$204,0))) -> 7 | S6: =IF(LARGE($L$5:$L$204,2)<0,"",INDEX($D$5:$D$204,MATCH(LARGE($L$5:$L$204,2),$L$5:$L$204,0))) -> 0 | T6: =IF(LARGE($L$5:$L$204,2)<0,"",INDEX($E$5:$E$204,MATCH(LARGE($L$5:$L$204,2),$L$5:$L$204,0))) -> 3 | U6: =IF(LARGE($L$5:$L$204,2)<0,"",INDEX($F$5:$F$204,MATCH(LARGE($L$5:$L$204,2),$L$5:$L$204,0))) -> 3 | W6: =IF(LARGE($M$5:$M$204,2)<0,"",SUMPRODUCT(--(INT($M$5:$M$204)>INT(LARGE($M$5:$M$204,2))))+1) -> 2 | X6: =IF(LARGE($M$5:$M$204,2)<0,"",INDEX($A$5:$A$204,MATCH(LARGE($M$5:$M$204,2),$M$5:$M$204,0))) -> Example – Omar | Y6: =IF(LARGE($M$5:$M$204,2)<0,"",INDEX($B$5:$B$204,MATCH(LARGE($M$5:$M$204,2),$M$5:$M$204,0))) -> Al Ain | Z6: =IF(LARGE($M$5:$M$204,2)<0,"",INDEX($G$5:$G$204,MATCH(LARGE($M$5:$M$204,2),$M$5:$M$204,0))) -> 7 | AA6: =IF(LARGE($M$5:$M$204,2)<0,"",INDEX($H$5:$H$204,MATCH(LARGE($M$5:$M$204,2),$M$5:$M$204,0))) -> 0 | AB6: =IF(LARGE($M$5:$M$204,2)<0,"",INDEX($I$5:$I$204,MATCH(LARGE($M$5:$M$204,2),$M$5:$M$204,0))) -> 3 | AC6: =IF(LARGE($M$5:$M$204,2)<0,"",INDEX($J$5:$J$204,MATCH(LARGE($M$5:$M$204,2),$M$5:$M$204,0))) -> 3
A7: =IF(Players!A4="","",Players!A4) -> Example – Omar | B7: =IF(A7="","",Players!B4) -> Al Ain | C7: =IF(A7="","",SUMIFS(Predictions!$AH$2:$AH$2001,Predictions!$B$2:$B$2001,A7,Predictions!$A$2:$A$2001,$B$2)) -> 7 | D7: =IF(A7="","",SUMIFS(Predictions!$AI$2:$AI$2001,Predictions!$B$2:$B$2001,A7,Predictions!$A$2:$A$2001,$B$2)) -> 0 | E7: =IF(A7="","",SUMIFS(Predictions!$AJ$2:$AJ$2001,Predictions!$B$2:$B$2001,A7,Predictions!$A$2:$A$2001,$B$2)) -> 3 | F7: =IF(A7="","",SUMIFS(Predictions!$AK$2:$AK$2001,Predictions!$B$2:$B$2001,A7,Predictions!$A$2:$A$2001,$B$2)) -> 3 | G7: =IF(A7="","",SUMIFS(Predictions!$AH$2:$AH$2001,Predictions!$B$2:$B$2001,A7)) -> 7 | H7: =IF(A7="","",SUMIFS(Predictions!$AI$2:$AI$2001,Predictions!$B$2:$B$2001,A7)) -> 0 | I7: =IF(A7="","",SUMIFS(Predictions!$AJ$2:$AJ$2001,Predictions!$B$2:$B$2001,A7)) -> 3 | J7: =IF(A7="","",SUMIFS(Predictions!$AK$2:$AK$2001,Predictions!$B$2:$B$2001,A7)) -> 3 | K7: =IF(OR(A7="",J7=0),"",I7/J7) -> 1 | L7: =IF(A7="",-1,C7*10000+D7*100+E7+(1000-ROW())/100000) -> 70003.01 | M7: =IF(A7="",-1,G7*10000+H7*100+I7+(1000-ROW())/100000) -> 70003.01 | O7: =IF(LARGE($L$5:$L$204,3)<0,"",SUMPRODUCT(--(INT($L$5:$L$204)>INT(LARGE($L$5:$L$204,3))))+1) -> 3 | P7: =IF(LARGE($L$5:$L$204,3)<0,"",INDEX($A$5:$A$204,MATCH(LARGE($L$5:$L$204,3),$L$5:$L$204,0))) -> Example – Faisal | Q7: =IF(LARGE($L$5:$L$204,3)<0,"",INDEX($B$5:$B$204,MATCH(LARGE($L$5:$L$204,3),$L$5:$L$204,0))) -> Al Hilal | R7: =IF(LARGE($L$5:$L$204,3)<0,"",INDEX($C$5:$C$204,MATCH(LARGE($L$5:$L$204,3),$L$5:$L$204,0))) -> 5 | S7: =IF(LARGE($L$5:$L$204,3)<0,"",INDEX($D$5:$D$204,MATCH(LARGE($L$5:$L$204,3),$L$5:$L$204,0))) -> 1 | T7: =IF(LARGE($L$5:$L$204,3)<0,"",INDEX($E$5:$E$204,MATCH(LARGE($L$5:$L$204,3),$L$5:$L$204,0))) -> 1 | U7: =IF(LARGE($L$5:$L$204,3)<0,"",INDEX($F$5:$F$204,MATCH(LARGE($L$5:$L$204,3),$L$5:$L$204,0))) -> 3 | W7: =IF(LARGE($M$5:$M$204,3)<0,"",SUMPRODUCT(--(INT($M$5:$M$204)>INT(LARGE($M$5:$M$204,3))))+1) -> 3 | X7: =IF(LARGE($M$5:$M$204,3)<0,"",INDEX($A$5:$A$204,MATCH(LARGE($M$5:$M$204,3),$M$5:$M$204,0))) -> Example – Faisal | Y7: =IF(LARGE($M$5:$M$204,3)<0,"",INDEX($B$5:$B$204,MATCH(LARGE($M$5:$M$204,3),$M$5:$M$204,0))) -> Al Hilal | Z7: =IF(LARGE($M$5:$M$204,3)<0,"",INDEX($G$5:$G$204,MATCH(LARGE($M$5:$M$204,3),$M$5:$M$204,0))) -> 5 | AA7: =IF(LARGE($M$5:$M$204,3)<0,"",INDEX($H$5:$H$204,MATCH(LARGE($M$5:$M$204,3),$M$5:$M$204,0))) -> 1 | AB7: =IF(LARGE($M$5:$M$204,3)<0,"",INDEX($I$5:$I$204,MATCH(LARGE($M$5:$M$204,3),$M$5:$M$204,0))) -> 1 | AC7: =IF(LARGE($M$5:$M$204,3)<0,"",INDEX($J$5:$J$204,MATCH(LARGE($M$5:$M$204,3),$M$5:$M$204,0))) -> 3
A8: =IF(Players!A5="","",Players!A5) | B8: =IF(A8="","",Players!B5) | C8: =IF(A8="","",SUMIFS(Predictions!$AH$2:$AH$2001,Predictions!$B$2:$B$2001,A8,Predictions!$A$2:$A$2001,$B$2)) | D8: =IF(A8="","",SUMIFS(Predictions!$AI$2:$AI$2001,Predictions!$B$2:$B$2001,A8,Predictions!$A$2:$A$2001,$B$2)) | E8: =IF(A8="","",SUMIFS(Predictions!$AJ$2:$AJ$2001,Predictions!$B$2:$B$2001,A8,Predictions!$A$2:$A$2001,$B$2)) | F8: =IF(A8="","",SUMIFS(Predictions!$AK$2:$AK$2001,Predictions!$B$2:$B$2001,A8,Predictions!$A$2:$A$2001,$B$2)) | G8: =IF(A8="","",SUMIFS(Predictions!$AH$2:$AH$2001,Predictions!$B$2:$B$2001,A8)) | H8: =IF(A8="","",SUMIFS(Predictions!$AI$2:$AI$2001,Predictions!$B$2:$B$2001,A8)) | I8: =IF(A8="","",SUMIFS(Predictions!$AJ$2:$AJ$2001,Predictions!$B$2:$B$2001,A8)) | J8: =IF(A8="","",SUMIFS(Predictions!$AK$2:$AK$2001,Predictions!$B$2:$B$2001,A8)) | K8: =IF(OR(A8="",J8=0),"",I8/J8) | L8: =IF(A8="",-1,C8*10000+D8*100+E8+(1000-ROW())/100000) -> -1 | M8: =IF(A8="",-1,G8*10000+H8*100+I8+(1000-ROW())/100000) -> -1 | O8: =IF(LARGE($L$5:$L$204,4)<0,"",SUMPRODUCT(--(INT($L$5:$L$204)>INT(LARGE($L$5:$L$204,4))))+1) | P8: =IF(LARGE($L$5:$L$204,4)<0,"",INDEX($A$5:$A$204,MATCH(LARGE($L$5:$L$204,4),$L$5:$L$204,0))) | Q8: =IF(LARGE($L$5:$L$204,4)<0,"",INDEX($B$5:$B$204,MATCH(LARGE($L$5:$L$204,4),$L$5:$L$204,0))) | R8: =IF(LARGE($L$5:$L$204,4)<0,"",INDEX($C$5:$C$204,MATCH(LARGE($L$5:$L$204,4),$L$5:$L$204,0))) | S8: =IF(LARGE($L$5:$L$204,4)<0,"",INDEX($D$5:$D$204,MATCH(LARGE($L$5:$L$204,4),$L$5:$L$204,0))) | T8: =IF(LARGE($L$5:$L$204,4)<0,"",INDEX($E$5:$E$204,MATCH(LARGE($L$5:$L$204,4),$L$5:$L$204,0))) | U8: =IF(LARGE($L$5:$L$204,4)<0,"",INDEX($F$5:$F$204,MATCH(LARGE($L$5:$L$204,4),$L$5:$L$204,0))) | W8: =IF(LARGE($M$5:$M$204,4)<0,"",SUMPRODUCT(--(INT($M$5:$M$204)>INT(LARGE($M$5:$M$204,4))))+1) | X8: =IF(LARGE($M$5:$M$204,4)<0,"",INDEX($A$5:$A$204,MATCH(LARGE($M$5:$M$204,4),$M$5:$M$204,0))) | Y8: =IF(LARGE($M$5:$M$204,4)<0,"",INDEX($B$5:$B$204,MATCH(LARGE($M$5:$M$204,4),$M$5:$M$204,0))) | Z8: =IF(LARGE($M$5:$M$204,4)<0,"",INDEX($G$5:$G$204,MATCH(LARGE($M$5:$M$204,4),$M$5:$M$204,0))) | AA8: =IF(LARGE($M$5:$M$204,4)<0,"",INDEX($H$5:$H$204,MATCH(LARGE($M$5:$M$204,4),$M$5:$M$204,0))) | AB8: =IF(LARGE($M$5:$M$204,4)<0,"",INDEX($I$5:$I$204,MATCH(LARGE($M$5:$M$204,4),$M$5:$M$204,0))) | AC8: =IF(LARGE($M$5:$M$204,4)<0,"",INDEX($J$5:$J$204,MATCH(LARGE($M$5:$M$204,4),$M$5:$M$204,0)))
A9: =IF(Players!A6="","",Players!A6) | B9: =IF(A9="","",Players!B6) | C9: =IF(A9="","",SUMIFS(Predictions!$AH$2:$AH$2001,Predictions!$B$2:$B$2001,A9,Predictions!$A$2:$A$2001,$B$2)) | D9: =IF(A9="","",SUMIFS(Predictions!$AI$2:$AI$2001,Predictions!$B$2:$B$2001,A9,Predictions!$A$2:$A$2001,$B$2)) | E9: =IF(A9="","",SUMIFS(Predictions!$AJ$2:$AJ$2001,Predictions!$B$2:$B$2001,A9,Predictions!$A$2:$A$2001,$B$2)) | F9: =IF(A9="","",SUMIFS(Predictions!$AK$2:$AK$2001,Predictions!$B$2:$B$2001,A9,Predictions!$A$2:$A$2001,$B$2)) | G9: =IF(A9="","",SUMIFS(Predictions!$AH$2:$AH$2001,Predictions!$B$2:$B$2001,A9)) | H9: =IF(A9="","",SUMIFS(Predictions!$AI$2:$AI$2001,Predictions!$B$2:$B$2001,A9)) | I9: =IF(A9="","",SUMIFS(Predictions!$AJ$2:$AJ$2001,Predictions!$B$2:$B$2001,A9)) | J9: =IF(A9="","",SUMIFS(Predictions!$AK$2:$AK$2001,Predictions!$B$2:$B$2001,A9)) | K9: =IF(OR(A9="",J9=0),"",I9/J9) | L9: =IF(A9="",-1,C9*10000+D9*100+E9+(1000-ROW())/100000) -> -1 | M9: =IF(A9="",-1,G9*10000+H9*100+I9+(1000-ROW())/100000) -> -1 | O9: =IF(LARGE($L$5:$L$204,5)<0,"",SUMPRODUCT(--(INT($L$5:$L$204)>INT(LARGE($L$5:$L$204,5))))+1) | P9: =IF(LARGE($L$5:$L$204,5)<0,"",INDEX($A$5:$A$204,MATCH(LARGE($L$5:$L$204,5),$L$5:$L$204,0))) | Q9: =IF(LARGE($L$5:$L$204,5)<0,"",INDEX($B$5:$B$204,MATCH(LARGE($L$5:$L$204,5),$L$5:$L$204,0))) | R9: =IF(LARGE($L$5:$L$204,5)<0,"",INDEX($C$5:$C$204,MATCH(LARGE($L$5:$L$204,5),$L$5:$L$204,0))) | S9: =IF(LARGE($L$5:$L$204,5)<0,"",INDEX($D$5:$D$204,MATCH(LARGE($L$5:$L$204,5),$L$5:$L$204,0))) | T9: =IF(LARGE($L$5:$L$204,5)<0,"",INDEX($E$5:$E$204,MATCH(LARGE($L$5:$L$204,5),$L$5:$L$204,0))) | U9: =IF(LARGE($L$5:$L$204,5)<0,"",INDEX($F$5:$F$204,MATCH(LARGE($L$5:$L$204,5),$L$5:$L$204,0))) | W9: =IF(LARGE($M$5:$M$204,5)<0,"",SUMPRODUCT(--(INT($M$5:$M$204)>INT(LARGE($M$5:$M$204,5))))+1) | X9: =IF(LARGE($M$5:$M$204,5)<0,"",INDEX($A$5:$A$204,MATCH(LARGE($M$5:$M$204,5),$M$5:$M$204,0))) | Y9: =IF(LARGE($M$5:$M$204,5)<0,"",INDEX($B$5:$B$204,MATCH(LARGE($M$5:$M$204,5),$M$5:$M$204,0))) | Z9: =IF(LARGE($M$5:$M$204,5)<0,"",INDEX($G$5:$G$204,MATCH(LARGE($M$5:$M$204,5),$M$5:$M$204,0))) | AA9: =IF(LARGE($M$5:$M$204,5)<0,"",INDEX($H$5:$H$204,MATCH(LARGE($M$5:$M$204,5),$M$5:$M$204,0))) | AB9: =IF(LARGE($M$5:$M$204,5)<0,"",INDEX($I$5:$I$204,MATCH(LARGE($M$5:$M$204,5),$M$5:$M$204,0))) | AC9: =IF(LARGE($M$5:$M$204,5)<0,"",INDEX($J$5:$J$204,MATCH(LARGE($M$5:$M$204,5),$M$5:$M$204,0)))
A10: =IF(Players!A7="","",Players!A7) | B10: =IF(A10="","",Players!B7) | C10: =IF(A10="","",SUMIFS(Predictions!$AH$2:$AH$2001,Predictions!$B$2:$B$2001,A10,Predictions!$A$2:$A$2001,$B$2)) | D10: =IF(A10="","",SUMIFS(Predictions!$AI$2:$AI$2001,Predictions!$B$2:$B$2001,A10,Predictions!$A$2:$A$2001,$B$2)) | E10: =IF(A10="","",SUMIFS(Predictions!$AJ$2:$AJ$2001,Predictions!$B$2:$B$2001,A10,Predictions!$A$2:$A$2001,$B$2)) | F10: =IF(A10="","",SUMIFS(Predictions!$AK$2:$AK$2001,Predictions!$B$2:$B$2001,A10,Predictions!$A$2:$A$2001,$B$2)) | G10: =IF(A10="","",SUMIFS(Predictions!$AH$2:$AH$2001,Predictions!$B$2:$B$2001,A10)) | H10: =IF(A10="","",SUMIFS(Predictions!$AI$2:$AI$2001,Predictions!$B$2:$B$2001,A10)) | I10: =IF(A10="","",SUMIFS(Predictions!$AJ$2:$AJ$2001,Predictions!$B$2:$B$2001,A10)) | J10: =IF(A10="","",SUMIFS(Predictions!$AK$2:$AK$2001,Predictions!$B$2:$B$2001,A10)) | K10: =IF(OR(A10="",J10=0),"",I10/J10) | L10: =IF(A10="",-1,C10*10000+D10*100+E10+(1000-ROW())/100000) -> -1 | M10: =IF(A10="",-1,G10*10000+H10*100+I10+(1000-ROW())/100000) -> -1 | O10: =IF(LARGE($L$5:$L$204,6)<0,"",SUMPRODUCT(--(INT($L$5:$L$204)>INT(LARGE($L$5:$L$204,6))))+1) | P10: =IF(LARGE($L$5:$L$204,6)<0,"",INDEX($A$5:$A$204,MATCH(LARGE($L$5:$L$204,6),$L$5:$L$204,0))) | Q10: =IF(LARGE($L$5:$L$204,6)<0,"",INDEX($B$5:$B$204,MATCH(LARGE($L$5:$L$204,6),$L$5:$L$204,0))) | R10: =IF(LARGE($L$5:$L$204,6)<0,"",INDEX($C$5:$C$204,MATCH(LARGE($L$5:$L$204,6),$L$5:$L$204,0))) | S10: =IF(LARGE($L$5:$L$204,6)<0,"",INDEX($D$5:$D$204,MATCH(LARGE($L$5:$L$204,6),$L$5:$L$204,0))) | T10: =IF(LARGE($L$5:$L$204,6)<0,"",INDEX($E$5:$E$204,MATCH(LARGE($L$5:$L$204,6),$L$5:$L$204,0))) | U10: =IF(LARGE($L$5:$L$204,6)<0,"",INDEX($F$5:$F$204,MATCH(LARGE($L$5:$L$204,6),$L$5:$L$204,0))) | W10: =IF(LARGE($M$5:$M$204,6)<0,"",SUMPRODUCT(--(INT($M$5:$M$204)>INT(LARGE($M$5:$M$204,6))))+1) | X10: =IF(LARGE($M$5:$M$204,6)<0,"",INDEX($A$5:$A$204,MATCH(LARGE($M$5:$M$204,6),$M$5:$M$204,0))) | Y10: =IF(LARGE($M$5:$M$204,6)<0,"",INDEX($B$5:$B$204,MATCH(LARGE($M$5:$M$204,6),$M$5:$M$204,0))) | Z10: =IF(LARGE($M$5:$M$204,6)<0,"",INDEX($G$5:$G$204,MATCH(LARGE($M$5:$M$204,6),$M$5:$M$204,0))) | AA10: =IF(LARGE($M$5:$M$204,6)<0,"",INDEX($H$5:$H$204,MATCH(LARGE($M$5:$M$204,6),$M$5:$M$204,0))) | AB10: =IF(LARGE($M$5:$M$204,6)<0,"",INDEX($I$5:$I$204,MATCH(LARGE($M$5:$M$204,6),$M$5:$M$204,0))) | AC10: =IF(LARGE($M$5:$M$204,6)<0,"",INDEX($J$5:$J$204,MATCH(LARGE($M$5:$M$204,6),$M$5:$M$204,0)))
A11: =IF(Players!A8="","",Players!A8) | B11: =IF(A11="","",Players!B8) | C11: =IF(A11="","",SUMIFS(Predictions!$AH$2:$AH$2001,Predictions!$B$2:$B$2001,A11,Predictions!$A$2:$A$2001,$B$2)) | D11: =IF(A11="","",SUMIFS(Predictions!$AI$2:$AI$2001,Predictions!$B$2:$B$2001,A11,Predictions!$A$2:$A$2001,$B$2)) | E11: =IF(A11="","",SUMIFS(Predictions!$AJ$2:$AJ$2001,Predictions!$B$2:$B$2001,A11,Predictions!$A$2:$A$2001,$B$2)) | F11: =IF(A11="","",SUMIFS(Predictions!$AK$2:$AK$2001,Predictions!$B$2:$B$2001,A11,Predictions!$A$2:$A$2001,$B$2)) | G11: =IF(A11="","",SUMIFS(Predictions!$AH$2:$AH$2001,Predictions!$B$2:$B$2001,A11)) | H11: =IF(A11="","",SUMIFS(Predictions!$AI$2:$AI$2001,Predictions!$B$2:$B$2001,A11)) | I11: =IF(A11="","",SUMIFS(Predictions!$AJ$2:$AJ$2001,Predictions!$B$2:$B$2001,A11)) | J11: =IF(A11="","",SUMIFS(Predictions!$AK$2:$AK$2001,Predictions!$B$2:$B$2001,A11)) | K11: =IF(OR(A11="",J11=0),"",I11/J11) | L11: =IF(A11="",-1,C11*10000+D11*100+E11+(1000-ROW())/100000) -> -1 | M11: =IF(A11="",-1,G11*10000+H11*100+I11+(1000-ROW())/100000) -> -1 | O11: =IF(LARGE($L$5:$L$204,7)<0,"",SUMPRODUCT(--(INT($L$5:$L$204)>INT(LARGE($L$5:$L$204,7))))+1) | P11: =IF(LARGE($L$5:$L$204,7)<0,"",INDEX($A$5:$A$204,MATCH(LARGE($L$5:$L$204,7),$L$5:$L$204,0))) | Q11: =IF(LARGE($L$5:$L$204,7)<0,"",INDEX($B$5:$B$204,MATCH(LARGE($L$5:$L$204,7),$L$5:$L$204,0))) | R11: =IF(LARGE($L$5:$L$204,7)<0,"",INDEX($C$5:$C$204,MATCH(LARGE($L$5:$L$204,7),$L$5:$L$204,0))) | S11: =IF(LARGE($L$5:$L$204,7)<0,"",INDEX($D$5:$D$204,MATCH(LARGE($L$5:$L$204,7),$L$5:$L$204,0))) | T11: =IF(LARGE($L$5:$L$204,7)<0,"",INDEX($E$5:$E$204,MATCH(LARGE($L$5:$L$204,7),$L$5:$L$204,0))) | U11: =IF(LARGE($L$5:$L$204,7)<0,"",INDEX($F$5:$F$204,MATCH(LARGE($L$5:$L$204,7),$L$5:$L$204,0))) | W11: =IF(LARGE($M$5:$M$204,7)<0,"",SUMPRODUCT(--(INT($M$5:$M$204)>INT(LARGE($M$5:$M$204,7))))+1) | X11: =IF(LARGE($M$5:$M$204,7)<0,"",INDEX($A$5:$A$204,MATCH(LARGE($M$5:$M$204,7),$M$5:$M$204,0))) | Y11: =IF(LARGE($M$5:$M$204,7)<0,"",INDEX($B$5:$B$204,MATCH(LARGE($M$5:$M$204,7),$M$5:$M$204,0))) | Z11: =IF(LARGE($M$5:$M$204,7)<0,"",INDEX($G$5:$G$204,MATCH(LARGE($M$5:$M$204,7),$M$5:$M$204,0))) | AA11: =IF(LARGE($M$5:$M$204,7)<0,"",INDEX($H$5:$H$204,MATCH(LARGE($M$5:$M$204,7),$M$5:$M$204,0))) | AB11: =IF(LARGE($M$5:$M$204,7)<0,"",INDEX($I$5:$I$204,MATCH(LARGE($M$5:$M$204,7),$M$5:$M$204,0))) | AC11: =IF(LARGE($M$5:$M$204,7)<0,"",INDEX($J$5:$J$204,MATCH(LARGE($M$5:$M$204,7),$M$5:$M$204,0)))
A12: =IF(Players!A9="","",Players!A9) | B12: =IF(A12="","",Players!B9) | C12: =IF(A12="","",SUMIFS(Predictions!$AH$2:$AH$2001,Predictions!$B$2:$B$2001,A12,Predictions!$A$2:$A$2001,$B$2)) | D12: =IF(A12="","",SUMIFS(Predictions!$AI$2:$AI$2001,Predictions!$B$2:$B$2001,A12,Predictions!$A$2:$A$2001,$B$2)) | E12: =IF(A12="","",SUMIFS(Predictions!$AJ$2:$AJ$2001,Predictions!$B$2:$B$2001,A12,Predictions!$A$2:$A$2001,$B$2)) | F12: =IF(A12="","",SUMIFS(Predictions!$AK$2:$AK$2001,Predictions!$B$2:$B$2001,A12,Predictions!$A$2:$A$2001,$B$2)) | G12: =IF(A12="","",SUMIFS(Predictions!$AH$2:$AH$2001,Predictions!$B$2:$B$2001,A12)) | H12: =IF(A12="","",SUMIFS(Predictions!$AI$2:$AI$2001,Predictions!$B$2:$B$2001,A12)) | I12: =IF(A12="","",SUMIFS(Predictions!$AJ$2:$AJ$2001,Predictions!$B$2:$B$2001,A12)) | J12: =IF(A12="","",SUMIFS(Predictions!$AK$2:$AK$2001,Predictions!$B$2:$B$2001,A12)) | K12: =IF(OR(A12="",J12=0),"",I12/J12) | L12: =IF(A12="",-1,C12*10000+D12*100+E12+(1000-ROW())/100000) -> -1 | M12: =IF(A12="",-1,G12*10000+H12*100+I12+(1000-ROW())/100000) -> -1 | O12: =IF(LARGE($L$5:$L$204,8)<0,"",SUMPRODUCT(--(INT($L$5:$L$204)>INT(LARGE($L$5:$L$204,8))))+1) | P12: =IF(LARGE($L$5:$L$204,8)<0,"",INDEX($A$5:$A$204,MATCH(LARGE($L$5:$L$204,8),$L$5:$L$204,0))) | Q12: =IF(LARGE($L$5:$L$204,8)<0,"",INDEX($B$5:$B$204,MATCH(LARGE($L$5:$L$204,8),$L$5:$L$204,0))) | R12: =IF(LARGE($L$5:$L$204,8)<0,"",INDEX($C$5:$C$204,MATCH(LARGE($L$5:$L$204,8),$L$5:$L$204,0))) | S12: =IF(LARGE($L$5:$L$204,8)<0,"",INDEX($D$5:$D$204,MATCH(LARGE($L$5:$L$204,8),$L$5:$L$204,0))) | T12: =IF(LARGE($L$5:$L$204,8)<0,"",INDEX($E$5:$E$204,MATCH(LARGE($L$5:$L$204,8),$L$5:$L$204,0))) | U12: =IF(LARGE($L$5:$L$204,8)<0,"",INDEX($F$5:$F$204,MATCH(LARGE($L$5:$L$204,8),$L$5:$L$204,0))) | W12: =IF(LARGE($M$5:$M$204,8)<0,"",SUMPRODUCT(--(INT($M$5:$M$204)>INT(LARGE($M$5:$M$204,8))))+1) | X12: =IF(LARGE($M$5:$M$204,8)<0,"",INDEX($A$5:$A$204,MATCH(LARGE($M$5:$M$204,8),$M$5:$M$204,0))) | Y12: =IF(LARGE($M$5:$M$204,8)<0,"",INDEX($B$5:$B$204,MATCH(LARGE($M$5:$M$204,8),$M$5:$M$204,0))) | Z12: =IF(LARGE($M$5:$M$204,8)<0,"",INDEX($G$5:$G$204,MATCH(LARGE($M$5:$M$204,8),$M$5:$M$204,0))) | AA12: =IF(LARGE($M$5:$M$204,8)<0,"",INDEX($H$5:$H$204,MATCH(LARGE($M$5:$M$204,8),$M$5:$M$204,0))) | AB12: =IF(LARGE($M$5:$M$204,8)<0,"",INDEX($I$5:$I$204,MATCH(LARGE($M$5:$M$204,8),$M$5:$M$204,0))) | AC12: =IF(LARGE($M$5:$M$204,8)<0,"",INDEX($J$5:$J$204,MATCH(LARGE($M$5:$M$204,8),$M$5:$M$204,0)))
A13: =IF(Players!A10="","",Players!A10) | B13: =IF(A13="","",Players!B10) | C13: =IF(A13="","",SUMIFS(Predictions!$AH$2:$AH$2001,Predictions!$B$2:$B$2001,A13,Predictions!$A$2:$A$2001,$B$2)) | D13: =IF(A13="","",SUMIFS(Predictions!$AI$2:$AI$2001,Predictions!$B$2:$B$2001,A13,Predictions!$A$2:$A$2001,$B$2)) | E13: =IF(A13="","",SUMIFS(Predictions!$AJ$2:$AJ$2001,Predictions!$B$2:$B$2001,A13,Predictions!$A$2:$A$2001,$B$2)) | F13: =IF(A13="","",SUMIFS(Predictions!$AK$2:$AK$2001,Predictions!$B$2:$B$2001,A13,Predictions!$A$2:$A$2001,$B$2)) | G13: =IF(A13="","",SUMIFS(Predictions!$AH$2:$AH$2001,Predictions!$B$2:$B$2001,A13)) | H13: =IF(A13="","",SUMIFS(Predictions!$AI$2:$AI$2001,Predictions!$B$2:$B$2001,A13)) | I13: =IF(A13="","",SUMIFS(Predictions!$AJ$2:$AJ$2001,Predictions!$B$2:$B$2001,A13)) | J13: =IF(A13="","",SUMIFS(Predictions!$AK$2:$AK$2001,Predictions!$B$2:$B$2001,A13)) | K13: =IF(OR(A13="",J13=0),"",I13/J13) | L13: =IF(A13="",-1,C13*10000+D13*100+E13+(1000-ROW())/100000) -> -1 | M13: =IF(A13="",-1,G13*10000+H13*100+I13+(1000-ROW())/100000) -> -1 | O13: =IF(LARGE($L$5:$L$204,9)<0,"",SUMPRODUCT(--(INT($L$5:$L$204)>INT(LARGE($L$5:$L$204,9))))+1) | P13: =IF(LARGE($L$5:$L$204,9)<0,"",INDEX($A$5:$A$204,MATCH(LARGE($L$5:$L$204,9),$L$5:$L$204,0))) | Q13: =IF(LARGE($L$5:$L$204,9)<0,"",INDEX($B$5:$B$204,MATCH(LARGE($L$5:$L$204,9),$L$5:$L$204,0))) | R13: =IF(LARGE($L$5:$L$204,9)<0,"",INDEX($C$5:$C$204,MATCH(LARGE($L$5:$L$204,9),$L$5:$L$204,0))) | S13: =IF(LARGE($L$5:$L$204,9)<0,"",INDEX($D$5:$D$204,MATCH(LARGE($L$5:$L$204,9),$L$5:$L$204,0))) | T13: =IF(LARGE($L$5:$L$204,9)<0,"",INDEX($E$5:$E$204,MATCH(LARGE($L$5:$L$204,9),$L$5:$L$204,0))) | U13: =IF(LARGE($L$5:$L$204,9)<0,"",INDEX($F$5:$F$204,MATCH(LARGE($L$5:$L$204,9),$L$5:$L$204,0))) | W13: =IF(LARGE($M$5:$M$204,9)<0,"",SUMPRODUCT(--(INT($M$5:$M$204)>INT(LARGE($M$5:$M$204,9))))+1) | X13: =IF(LARGE($M$5:$M$204,9)<0,"",INDEX($A$5:$A$204,MATCH(LARGE($M$5:$M$204,9),$M$5:$M$204,0))) | Y13: =IF(LARGE($M$5:$M$204,9)<0,"",INDEX($B$5:$B$204,MATCH(LARGE($M$5:$M$204,9),$M$5:$M$204,0))) | Z13: =IF(LARGE($M$5:$M$204,9)<0,"",INDEX($G$5:$G$204,MATCH(LARGE($M$5:$M$204,9),$M$5:$M$204,0))) | AA13: =IF(LARGE($M$5:$M$204,9)<0,"",INDEX($H$5:$H$204,MATCH(LARGE($M$5:$M$204,9),$M$5:$M$204,0))) | AB13: =IF(LARGE($M$5:$M$204,9)<0,"",INDEX($I$5:$I$204,MATCH(LARGE($M$5:$M$204,9),$M$5:$M$204,0))) | AC13: =IF(LARGE($M$5:$M$204,9)<0,"",INDEX($J$5:$J$204,MATCH(LARGE($M$5:$M$204,9),$M$5:$M$204,0)))
A14: =IF(Players!A11="","",Players!A11) | B14: =IF(A14="","",Players!B11) | C14: =IF(A14="","",SUMIFS(Predictions!$AH$2:$AH$2001,Predictions!$B$2:$B$2001,A14,Predictions!$A$2:$A$2001,$B$2)) | D14: =IF(A14="","",SUMIFS(Predictions!$AI$2:$AI$2001,Predictions!$B$2:$B$2001,A14,Predictions!$A$2:$A$2001,$B$2)) | E14: =IF(A14="","",SUMIFS(Predictions!$AJ$2:$AJ$2001,Predictions!$B$2:$B$2001,A14,Predictions!$A$2:$A$2001,$B$2)) | F14: =IF(A14="","",SUMIFS(Predictions!$AK$2:$AK$2001,Predictions!$B$2:$B$2001,A14,Predictions!$A$2:$A$2001,$B$2)) | G14: =IF(A14="","",SUMIFS(Predictions!$AH$2:$AH$2001,Predictions!$B$2:$B$2001,A14)) | H14: =IF(A14="","",SUMIFS(Predictions!$AI$2:$AI$2001,Predictions!$B$2:$B$2001,A14)) | I14: =IF(A14="","",SUMIFS(Predictions!$AJ$2:$AJ$2001,Predictions!$B$2:$B$2001,A14)) | J14: =IF(A14="","",SUMIFS(Predictions!$AK$2:$AK$2001,Predictions!$B$2:$B$2001,A14)) | K14: =IF(OR(A14="",J14=0),"",I14/J14) | L14: =IF(A14="",-1,C14*10000+D14*100+E14+(1000-ROW())/100000) -> -1 | M14: =IF(A14="",-1,G14*10000+H14*100+I14+(1000-ROW())/100000) -> -1 | O14: =IF(LARGE($L$5:$L$204,10)<0,"",SUMPRODUCT(--(INT($L$5:$L$204)>INT(LARGE($L$5:$L$204,10))))+1) | P14: =IF(LARGE($L$5:$L$204,10)<0,"",INDEX($A$5:$A$204,MATCH(LARGE($L$5:$L$204,10),$L$5:$L$204,0))) | Q14: =IF(LARGE($L$5:$L$204,10)<0,"",INDEX($B$5:$B$204,MATCH(LARGE($L$5:$L$204,10),$L$5:$L$204,0))) | R14: =IF(LARGE($L$5:$L$204,10)<0,"",INDEX($C$5:$C$204,MATCH(LARGE($L$5:$L$204,10),$L$5:$L$204,0))) | S14: =IF(LARGE($L$5:$L$204,10)<0,"",INDEX($D$5:$D$204,MATCH(LARGE($L$5:$L$204,10),$L$5:$L$204,0))) | T14: =IF(LARGE($L$5:$L$204,10)<0,"",INDEX($E$5:$E$204,MATCH(LARGE($L$5:$L$204,10),$L$5:$L$204,0))) | U14: =IF(LARGE($L$5:$L$204,10)<0,"",INDEX($F$5:$F$204,MATCH(LARGE($L$5:$L$204,10),$L$5:$L$204,0))) | W14: =IF(LARGE($M$5:$M$204,10)<0,"",SUMPRODUCT(--(INT($M$5:$M$204)>INT(LARGE($M$5:$M$204,10))))+1) | X14: =IF(LARGE($M$5:$M$204,10)<0,"",INDEX($A$5:$A$204,MATCH(LARGE($M$5:$M$204,10),$M$5:$M$204,0))) | Y14: =IF(LARGE($M$5:$M$204,10)<0,"",INDEX($B$5:$B$204,MATCH(LARGE($M$5:$M$204,10),$M$5:$M$204,0))) | Z14: =IF(LARGE($M$5:$M$204,10)<0,"",INDEX($G$5:$G$204,MATCH(LARGE($M$5:$M$204,10),$M$5:$M$204,0))) | AA14: =IF(LARGE($M$5:$M$204,10)<0,"",INDEX($H$5:$H$204,MATCH(LARGE($M$5:$M$204,10),$M$5:$M$204,0))) | AB14: =IF(LARGE($M$5:$M$204,10)<0,"",INDEX($I$5:$I$204,MATCH(LARGE($M$5:$M$204,10),$M$5:$M$204,0))) | AC14: =IF(LARGE($M$5:$M$204,10)<0,"",INDEX($J$5:$J$204,MATCH(LARGE($M$5:$M$204,10),$M$5:$M$204,0)))
A15: =IF(Players!A12="","",Players!A12) | B15: =IF(A15="","",Players!B12) | C15: =IF(A15="","",SUMIFS(Predictions!$AH$2:$AH$2001,Predictions!$B$2:$B$2001,A15,Predictions!$A$2:$A$2001,$B$2)) | D15: =IF(A15="","",SUMIFS(Predictions!$AI$2:$AI$2001,Predictions!$B$2:$B$2001,A15,Predictions!$A$2:$A$2001,$B$2)) | E15: =IF(A15="","",SUMIFS(Predictions!$AJ$2:$AJ$2001,Predictions!$B$2:$B$2001,A15,Predictions!$A$2:$A$2001,$B$2)) | F15: =IF(A15="","",SUMIFS(Predictions!$AK$2:$AK$2001,Predictions!$B$2:$B$2001,A15,Predictions!$A$2:$A$2001,$B$2)) | G15: =IF(A15="","",SUMIFS(Predictions!$AH$2:$AH$2001,Predictions!$B$2:$B$2001,A15)) | H15: =IF(A15="","",SUMIFS(Predictions!$AI$2:$AI$2001,Predictions!$B$2:$B$2001,A15)) | I15: =IF(A15="","",SUMIFS(Predictions!$AJ$2:$AJ$2001,Predictions!$B$2:$B$2001,A15)) | J15: =IF(A15="","",SUMIFS(Predictions!$AK$2:$AK$2001,Predictions!$B$2:$B$2001,A15)) | K15: =IF(OR(A15="",J15=0),"",I15/J15) | L15: =IF(A15="",-1,C15*10000+D15*100+E15+(1000-ROW())/100000) -> -1 | M15: =IF(A15="",-1,G15*10000+H15*100+I15+(1000-ROW())/100000) -> -1 | O15: =IF(LARGE($L$5:$L$204,11)<0,"",SUMPRODUCT(--(INT($L$5:$L$204)>INT(LARGE($L$5:$L$204,11))))+1) | P15: =IF(LARGE($L$5:$L$204,11)<0,"",INDEX($A$5:$A$204,MATCH(LARGE($L$5:$L$204,11),$L$5:$L$204,0))) | Q15: =IF(LARGE($L$5:$L$204,11)<0,"",INDEX($B$5:$B$204,MATCH(LARGE($L$5:$L$204,11),$L$5:$L$204,0))) | R15: =IF(LARGE($L$5:$L$204,11)<0,"",INDEX($C$5:$C$204,MATCH(LARGE($L$5:$L$204,11),$L$5:$L$204,0))) | S15: =IF(LARGE($L$5:$L$204,11)<0,"",INDEX($D$5:$D$204,MATCH(LARGE($L$5:$L$204,11),$L$5:$L$204,0))) | T15: =IF(LARGE($L$5:$L$204,11)<0,"",INDEX($E$5:$E$204,MATCH(LARGE($L$5:$L$204,11),$L$5:$L$204,0))) | U15: =IF(LARGE($L$5:$L$204,11)<0,"",INDEX($F$5:$F$204,MATCH(LARGE($L$5:$L$204,11),$L$5:$L$204,0))) | W15: =IF(LARGE($M$5:$M$204,11)<0,"",SUMPRODUCT(--(INT($M$5:$M$204)>INT(LARGE($M$5:$M$204,11))))+1) | X15: =IF(LARGE($M$5:$M$204,11)<0,"",INDEX($A$5:$A$204,MATCH(LARGE($M$5:$M$204,11),$M$5:$M$204,0))) | Y15: =IF(LARGE($M$5:$M$204,11)<0,"",INDEX($B$5:$B$204,MATCH(LARGE($M$5:$M$204,11),$M$5:$M$204,0))) | Z15: =IF(LARGE($M$5:$M$204,11)<0,"",INDEX($G$5:$G$204,MATCH(LARGE($M$5:$M$204,11),$M$5:$M$204,0))) | AA15: =IF(LARGE($M$5:$M$204,11)<0,"",INDEX($H$5:$H$204,MATCH(LARGE($M$5:$M$204,11),$M$5:$M$204,0))) | AB15: =IF(LARGE($M$5:$M$204,11)<0,"",INDEX($I$5:$I$204,MATCH(LARGE($M$5:$M$204,11),$M$5:$M$204,0))) | AC15: =IF(LARGE($M$5:$M$204,11)<0,"",INDEX($J$5:$J$204,MATCH(LARGE($M$5:$M$204,11),$M$5:$M$204,0)))
A16: =IF(Players!A13="","",Players!A13) | B16: =IF(A16="","",Players!B13) | C16: =IF(A16="","",SUMIFS(Predictions!$AH$2:$AH$2001,Predictions!$B$2:$B$2001,A16,Predictions!$A$2:$A$2001,$B$2)) | D16: =IF(A16="","",SUMIFS(Predictions!$AI$2:$AI$2001,Predictions!$B$2:$B$2001,A16,Predictions!$A$2:$A$2001,$B$2)) | E16: =IF(A16="","",SUMIFS(Predictions!$AJ$2:$AJ$2001,Predictions!$B$2:$B$2001,A16,Predictions!$A$2:$A$2001,$B$2)) | F16: =IF(A16="","",SUMIFS(Predictions!$AK$2:$AK$2001,Predictions!$B$2:$B$2001,A16,Predictions!$A$2:$A$2001,$B$2)) | G16: =IF(A16="","",SUMIFS(Predictions!$AH$2:$AH$2001,Predictions!$B$2:$B$2001,A16)) | H16: =IF(A16="","",SUMIFS(Predictions!$AI$2:$AI$2001,Predictions!$B$2:$B$2001,A16)) | I16: =IF(A16="","",SUMIFS(Predictions!$AJ$2:$AJ$2001,Predictions!$B$2:$B$2001,A16)) | J16: =IF(A16="","",SUMIFS(Predictions!$AK$2:$AK$2001,Predictions!$B$2:$B$2001,A16)) | K16: =IF(OR(A16="",J16=0),"",I16/J16) | L16: =IF(A16="",-1,C16*10000+D16*100+E16+(1000-ROW())/100000) -> -1 | M16: =IF(A16="",-1,G16*10000+H16*100+I16+(1000-ROW())/100000) -> -1 | O16: =IF(LARGE($L$5:$L$204,12)<0,"",SUMPRODUCT(--(INT($L$5:$L$204)>INT(LARGE($L$5:$L$204,12))))+1) | P16: =IF(LARGE($L$5:$L$204,12)<0,"",INDEX($A$5:$A$204,MATCH(LARGE($L$5:$L$204,12),$L$5:$L$204,0))) | Q16: =IF(LARGE($L$5:$L$204,12)<0,"",INDEX($B$5:$B$204,MATCH(LARGE($L$5:$L$204,12),$L$5:$L$204,0))) | R16: =IF(LARGE($L$5:$L$204,12)<0,"",INDEX($C$5:$C$204,MATCH(LARGE($L$5:$L$204,12),$L$5:$L$204,0))) | S16: =IF(LARGE($L$5:$L$204,12)<0,"",INDEX($D$5:$D$204,MATCH(LARGE($L$5:$L$204,12),$L$5:$L$204,0))) | T16: =IF(LARGE($L$5:$L$204,12)<0,"",INDEX($E$5:$E$204,MATCH(LARGE($L$5:$L$204,12),$L$5:$L$204,0))) | U16: =IF(LARGE($L$5:$L$204,12)<0,"",INDEX($F$5:$F$204,MATCH(LARGE($L$5:$L$204,12),$L$5:$L$204,0))) | W16: =IF(LARGE($M$5:$M$204,12)<0,"",SUMPRODUCT(--(INT($M$5:$M$204)>INT(LARGE($M$5:$M$204,12))))+1) | X16: =IF(LARGE($M$5:$M$204,12)<0,"",INDEX($A$5:$A$204,MATCH(LARGE($M$5:$M$204,12),$M$5:$M$204,0))) | Y16: =IF(LARGE($M$5:$M$204,12)<0,"",INDEX($B$5:$B$204,MATCH(LARGE($M$5:$M$204,12),$M$5:$M$204,0))) | Z16: =IF(LARGE($M$5:$M$204,12)<0,"",INDEX($G$5:$G$204,MATCH(LARGE($M$5:$M$204,12),$M$5:$M$204,0))) | AA16: =IF(LARGE($M$5:$M$204,12)<0,"",INDEX($H$5:$H$204,MATCH(LARGE($M$5:$M$204,12),$M$5:$M$204,0))) | AB16: =IF(LARGE($M$5:$M$204,12)<0,"",INDEX($I$5:$I$204,MATCH(LARGE($M$5:$M$204,12),$M$5:$M$204,0))) | AC16: =IF(LARGE($M$5:$M$204,12)<0,"",INDEX($J$5:$J$204,MATCH(LARGE($M$5:$M$204,12),$M$5:$M$204,0)))
A17: =IF(Players!A14="","",Players!A14) | B17: =IF(A17="","",Players!B14) | C17: =IF(A17="","",SUMIFS(Predictions!$AH$2:$AH$2001,Predictions!$B$2:$B$2001,A17,Predictions!$A$2:$A$2001,$B$2)) | D17: =IF(A17="","",SUMIFS(Predictions!$AI$2:$AI$2001,Predictions!$B$2:$B$2001,A17,Predictions!$A$2:$A$2001,$B$2)) | E17: =IF(A17="","",SUMIFS(Predictions!$AJ$2:$AJ$2001,Predictions!$B$2:$B$2001,A17,Predictions!$A$2:$A$2001,$B$2)) | F17: =IF(A17="","",SUMIFS(Predictions!$AK$2:$AK$2001,Predictions!$B$2:$B$2001,A17,Predictions!$A$2:$A$2001,$B$2)) | G17: =IF(A17="","",SUMIFS(Predictions!$AH$2:$AH$2001,Predictions!$B$2:$B$2001,A17)) | H17: =IF(A17="","",SUMIFS(Predictions!$AI$2:$AI$2001,Predictions!$B$2:$B$2001,A17)) | I17: =IF(A17="","",SUMIFS(Predictions!$AJ$2:$AJ$2001,Predictions!$B$2:$B$2001,A17)) | J17: =IF(A17="","",SUMIFS(Predictions!$AK$2:$AK$2001,Predictions!$B$2:$B$2001,A17)) | K17: =IF(OR(A17="",J17=0),"",I17/J17) | L17: =IF(A17="",-1,C17*10000+D17*100+E17+(1000-ROW())/100000) -> -1 | M17: =IF(A17="",-1,G17*10000+H17*100+I17+(1000-ROW())/100000) -> -1 | O17: =IF(LARGE($L$5:$L$204,13)<0,"",SUMPRODUCT(--(INT($L$5:$L$204)>INT(LARGE($L$5:$L$204,13))))+1) | P17: =IF(LARGE($L$5:$L$204,13)<0,"",INDEX($A$5:$A$204,MATCH(LARGE($L$5:$L$204,13),$L$5:$L$204,0))) | Q17: =IF(LARGE($L$5:$L$204,13)<0,"",INDEX($B$5:$B$204,MATCH(LARGE($L$5:$L$204,13),$L$5:$L$204,0))) | R17: =IF(LARGE($L$5:$L$204,13)<0,"",INDEX($C$5:$C$204,MATCH(LARGE($L$5:$L$204,13),$L$5:$L$204,0))) | S17: =IF(LARGE($L$5:$L$204,13)<0,"",INDEX($D$5:$D$204,MATCH(LARGE($L$5:$L$204,13),$L$5:$L$204,0))) | T17: =IF(LARGE($L$5:$L$204,13)<0,"",INDEX($E$5:$E$204,MATCH(LARGE($L$5:$L$204,13),$L$5:$L$204,0))) | U17: =IF(LARGE($L$5:$L$204,13)<0,"",INDEX($F$5:$F$204,MATCH(LARGE($L$5:$L$204,13),$L$5:$L$204,0))) | W17: =IF(LARGE($M$5:$M$204,13)<0,"",SUMPRODUCT(--(INT($M$5:$M$204)>INT(LARGE($M$5:$M$204,13))))+1) | X17: =IF(LARGE($M$5:$M$204,13)<0,"",INDEX($A$5:$A$204,MATCH(LARGE($M$5:$M$204,13),$M$5:$M$204,0))) | Y17: =IF(LARGE($M$5:$M$204,13)<0,"",INDEX($B$5:$B$204,MATCH(LARGE($M$5:$M$204,13),$M$5:$M$204,0))) | Z17: =IF(LARGE($M$5:$M$204,13)<0,"",INDEX($G$5:$G$204,MATCH(LARGE($M$5:$M$204,13),$M$5:$M$204,0))) | AA17: =IF(LARGE($M$5:$M$204,13)<0,"",INDEX($H$5:$H$204,MATCH(LARGE($M$5:$M$204,13),$M$5:$M$204,0))) | AB17: =IF(LARGE($M$5:$M$204,13)<0,"",INDEX($I$5:$I$204,MATCH(LARGE($M$5:$M$204,13),$M$5:$M$204,0))) | AC17: =IF(LARGE($M$5:$M$204,13)<0,"",INDEX($J$5:$J$204,MATCH(LARGE($M$5:$M$204,13),$M$5:$M$204,0)))
A18: =IF(Players!A15="","",Players!A15) | B18: =IF(A18="","",Players!B15) | C18: =IF(A18="","",SUMIFS(Predictions!$AH$2:$AH$2001,Predictions!$B$2:$B$2001,A18,Predictions!$A$2:$A$2001,$B$2)) | D18: =IF(A18="","",SUMIFS(Predictions!$AI$2:$AI$2001,Predictions!$B$2:$B$2001,A18,Predictions!$A$2:$A$2001,$B$2)) | E18: =IF(A18="","",SUMIFS(Predictions!$AJ$2:$AJ$2001,Predictions!$B$2:$B$2001,A18,Predictions!$A$2:$A$2001,$B$2)) | F18: =IF(A18="","",SUMIFS(Predictions!$AK$2:$AK$2001,Predictions!$B$2:$B$2001,A18,Predictions!$A$2:$A$2001,$B$2)) | G18: =IF(A18="","",SUMIFS(Predictions!$AH$2:$AH$2001,Predictions!$B$2:$B$2001,A18)) | H18: =IF(A18="","",SUMIFS(Predictions!$AI$2:$AI$2001,Predictions!$B$2:$B$2001,A18)) | I18: =IF(A18="","",SUMIFS(Predictions!$AJ$2:$AJ$2001,Predictions!$B$2:$B$2001,A18)) | J18: =IF(A18="","",SUMIFS(Predictions!$AK$2:$AK$2001,Predictions!$B$2:$B$2001,A18)) | K18: =IF(OR(A18="",J18=0),"",I18/J18) | L18: =IF(A18="",-1,C18*10000+D18*100+E18+(1000-ROW())/100000) -> -1 | M18: =IF(A18="",-1,G18*10000+H18*100+I18+(1000-ROW())/100000) -> -1 | O18: =IF(LARGE($L$5:$L$204,14)<0,"",SUMPRODUCT(--(INT($L$5:$L$204)>INT(LARGE($L$5:$L$204,14))))+1) | P18: =IF(LARGE($L$5:$L$204,14)<0,"",INDEX($A$5:$A$204,MATCH(LARGE($L$5:$L$204,14),$L$5:$L$204,0))) | Q18: =IF(LARGE($L$5:$L$204,14)<0,"",INDEX($B$5:$B$204,MATCH(LARGE($L$5:$L$204,14),$L$5:$L$204,0))) | R18: =IF(LARGE($L$5:$L$204,14)<0,"",INDEX($C$5:$C$204,MATCH(LARGE($L$5:$L$204,14),$L$5:$L$204,0))) | S18: =IF(LARGE($L$5:$L$204,14)<0,"",INDEX($D$5:$D$204,MATCH(LARGE($L$5:$L$204,14),$L$5:$L$204,0))) | T18: =IF(LARGE($L$5:$L$204,14)<0,"",INDEX($E$5:$E$204,MATCH(LARGE($L$5:$L$204,14),$L$5:$L$204,0))) | U18: =IF(LARGE($L$5:$L$204,14)<0,"",INDEX($F$5:$F$204,MATCH(LARGE($L$5:$L$204,14),$L$5:$L$204,0))) | W18: =IF(LARGE($M$5:$M$204,14)<0,"",SUMPRODUCT(--(INT($M$5:$M$204)>INT(LARGE($M$5:$M$204,14))))+1) | X18: =IF(LARGE($M$5:$M$204,14)<0,"",INDEX($A$5:$A$204,MATCH(LARGE($M$5:$M$204,14),$M$5:$M$204,0))) | Y18: =IF(LARGE($M$5:$M$204,14)<0,"",INDEX($B$5:$B$204,MATCH(LARGE($M$5:$M$204,14),$M$5:$M$204,0))) | Z18: =IF(LARGE($M$5:$M$204,14)<0,"",INDEX($G$5:$G$204,MATCH(LARGE($M$5:$M$204,14),$M$5:$M$204,0))) | AA18: =IF(LARGE($M$5:$M$204,14)<0,"",INDEX($H$5:$H$204,MATCH(LARGE($M$5:$M$204,14),$M$5:$M$204,0))) | AB18: =IF(LARGE($M$5:$M$204,14)<0,"",INDEX($I$5:$I$204,MATCH(LARGE($M$5:$M$204,14),$M$5:$M$204,0))) | AC18: =IF(LARGE($M$5:$M$204,14)<0,"",INDEX($J$5:$J$204,MATCH(LARGE($M$5:$M$204,14),$M$5:$M$204,0)))
A19: =IF(Players!A16="","",Players!A16) | B19: =IF(A19="","",Players!B16) | C19: =IF(A19="","",SUMIFS(Predictions!$AH$2:$AH$2001,Predictions!$B$2:$B$2001,A19,Predictions!$A$2:$A$2001,$B$2)) | D19: =IF(A19="","",SUMIFS(Predictions!$AI$2:$AI$2001,Predictions!$B$2:$B$2001,A19,Predictions!$A$2:$A$2001,$B$2)) | E19: =IF(A19="","",SUMIFS(Predictions!$AJ$2:$AJ$2001,Predictions!$B$2:$B$2001,A19,Predictions!$A$2:$A$2001,$B$2)) | F19: =IF(A19="","",SUMIFS(Predictions!$AK$2:$AK$2001,Predictions!$B$2:$B$2001,A19,Predictions!$A$2:$A$2001,$B$2)) | G19: =IF(A19="","",SUMIFS(Predictions!$AH$2:$AH$2001,Predictions!$B$2:$B$2001,A19)) | H19: =IF(A19="","",SUMIFS(Predictions!$AI$2:$AI$2001,Predictions!$B$2:$B$2001,A19)) | I19: =IF(A19="","",SUMIFS(Predictions!$AJ$2:$AJ$2001,Predictions!$B$2:$B$2001,A19)) | J19: =IF(A19="","",SUMIFS(Predictions!$AK$2:$AK$2001,Predictions!$B$2:$B$2001,A19)) | K19: =IF(OR(A19="",J19=0),"",I19/J19) | L19: =IF(A19="",-1,C19*10000+D19*100+E19+(1000-ROW())/100000) -> -1 | M19: =IF(A19="",-1,G19*10000+H19*100+I19+(1000-ROW())/100000) -> -1 | O19: =IF(LARGE($L$5:$L$204,15)<0,"",SUMPRODUCT(--(INT($L$5:$L$204)>INT(LARGE($L$5:$L$204,15))))+1) | P19: =IF(LARGE($L$5:$L$204,15)<0,"",INDEX($A$5:$A$204,MATCH(LARGE($L$5:$L$204,15),$L$5:$L$204,0))) | Q19: =IF(LARGE($L$5:$L$204,15)<0,"",INDEX($B$5:$B$204,MATCH(LARGE($L$5:$L$204,15),$L$5:$L$204,0))) | R19: =IF(LARGE($L$5:$L$204,15)<0,"",INDEX($C$5:$C$204,MATCH(LARGE($L$5:$L$204,15),$L$5:$L$204,0))) | S19: =IF(LARGE($L$5:$L$204,15)<0,"",INDEX($D$5:$D$204,MATCH(LARGE($L$5:$L$204,15),$L$5:$L$204,0))) | T19: =IF(LARGE($L$5:$L$204,15)<0,"",INDEX($E$5:$E$204,MATCH(LARGE($L$5:$L$204,15),$L$5:$L$204,0))) | U19: =IF(LARGE($L$5:$L$204,15)<0,"",INDEX($F$5:$F$204,MATCH(LARGE($L$5:$L$204,15),$L$5:$L$204,0))) | W19: =IF(LARGE($M$5:$M$204,15)<0,"",SUMPRODUCT(--(INT($M$5:$M$204)>INT(LARGE($M$5:$M$204,15))))+1) | X19: =IF(LARGE($M$5:$M$204,15)<0,"",INDEX($A$5:$A$204,MATCH(LARGE($M$5:$M$204,15),$M$5:$M$204,0))) | Y19: =IF(LARGE($M$5:$M$204,15)<0,"",INDEX($B$5:$B$204,MATCH(LARGE($M$5:$M$204,15),$M$5:$M$204,0))) | Z19: =IF(LARGE($M$5:$M$204,15)<0,"",INDEX($G$5:$G$204,MATCH(LARGE($M$5:$M$204,15),$M$5:$M$204,0))) | AA19: =IF(LARGE($M$5:$M$204,15)<0,"",INDEX($H$5:$H$204,MATCH(LARGE($M$5:$M$204,15),$M$5:$M$204,0))) | AB19: =IF(LARGE($M$5:$M$204,15)<0,"",INDEX($I$5:$I$204,MATCH(LARGE($M$5:$M$204,15),$M$5:$M$204,0))) | AC19: =IF(LARGE($M$5:$M$204,15)<0,"",INDEX($J$5:$J$204,MATCH(LARGE($M$5:$M$204,15),$M$5:$M$204,0)))
A20: =IF(Players!A17="","",Players!A17) | B20: =IF(A20="","",Players!B17) | C20: =IF(A20="","",SUMIFS(Predictions!$AH$2:$AH$2001,Predictions!$B$2:$B$2001,A20,Predictions!$A$2:$A$2001,$B$2)) | D20: =IF(A20="","",SUMIFS(Predictions!$AI$2:$AI$2001,Predictions!$B$2:$B$2001,A20,Predictions!$A$2:$A$2001,$B$2)) | E20: =IF(A20="","",SUMIFS(Predictions!$AJ$2:$AJ$2001,Predictions!$B$2:$B$2001,A20,Predictions!$A$2:$A$2001,$B$2)) | F20: =IF(A20="","",SUMIFS(Predictions!$AK$2:$AK$2001,Predictions!$B$2:$B$2001,A20,Predictions!$A$2:$A$2001,$B$2)) | G20: =IF(A20="","",SUMIFS(Predictions!$AH$2:$AH$2001,Predictions!$B$2:$B$2001,A20)) | H20: =IF(A20="","",SUMIFS(Predictions!$AI$2:$AI$2001,Predictions!$B$2:$B$2001,A20)) | I20: =IF(A20="","",SUMIFS(Predictions!$AJ$2:$AJ$2001,Predictions!$B$2:$B$2001,A20)) | J20: =IF(A20="","",SUMIFS(Predictions!$AK$2:$AK$2001,Predictions!$B$2:$B$2001,A20)) | K20: =IF(OR(A20="",J20=0),"",I20/J20) | L20: =IF(A20="",-1,C20*10000+D20*100+E20+(1000-ROW())/100000) -> -1 | M20: =IF(A20="",-1,G20*10000+H20*100+I20+(1000-ROW())/100000) -> -1 | O20: =IF(LARGE($L$5:$L$204,16)<0,"",SUMPRODUCT(--(INT($L$5:$L$204)>INT(LARGE($L$5:$L$204,16))))+1) | P20: =IF(LARGE($L$5:$L$204,16)<0,"",INDEX($A$5:$A$204,MATCH(LARGE($L$5:$L$204,16),$L$5:$L$204,0))) | Q20: =IF(LARGE($L$5:$L$204,16)<0,"",INDEX($B$5:$B$204,MATCH(LARGE($L$5:$L$204,16),$L$5:$L$204,0))) | R20: =IF(LARGE($L$5:$L$204,16)<0,"",INDEX($C$5:$C$204,MATCH(LARGE($L$5:$L$204,16),$L$5:$L$204,0))) | S20: =IF(LARGE($L$5:$L$204,16)<0,"",INDEX($D$5:$D$204,MATCH(LARGE($L$5:$L$204,16),$L$5:$L$204,0))) | T20: =IF(LARGE($L$5:$L$204,16)<0,"",INDEX($E$5:$E$204,MATCH(LARGE($L$5:$L$204,16),$L$5:$L$204,0))) | U20: =IF(LARGE($L$5:$L$204,16)<0,"",INDEX($F$5:$F$204,MATCH(LARGE($L$5:$L$204,16),$L$5:$L$204,0))) | W20: =IF(LARGE($M$5:$M$204,16)<0,"",SUMPRODUCT(--(INT($M$5:$M$204)>INT(LARGE($M$5:$M$204,16))))+1) | X20: =IF(LARGE($M$5:$M$204,16)<0,"",INDEX($A$5:$A$204,MATCH(LARGE($M$5:$M$204,16),$M$5:$M$204,0))) | Y20: =IF(LARGE($M$5:$M$204,16)<0,"",INDEX($B$5:$B$204,MATCH(LARGE($M$5:$M$204,16),$M$5:$M$204,0))) | Z20: =IF(LARGE($M$5:$M$204,16)<0,"",INDEX($G$5:$G$204,MATCH(LARGE($M$5:$M$204,16),$M$5:$M$204,0))) | AA20: =IF(LARGE($M$5:$M$204,16)<0,"",INDEX($H$5:$H$204,MATCH(LARGE($M$5:$M$204,16),$M$5:$M$204,0))) | AB20: =IF(LARGE($M$5:$M$204,16)<0,"",INDEX($I$5:$I$204,MATCH(LARGE($M$5:$M$204,16),$M$5:$M$204,0))) | AC20: =IF(LARGE($M$5:$M$204,16)<0,"",INDEX($J$5:$J$204,MATCH(LARGE($M$5:$M$204,16),$M$5:$M$204,0)))
A21: =IF(Players!A18="","",Players!A18) | B21: =IF(A21="","",Players!B18) | C21: =IF(A21="","",SUMIFS(Predictions!$AH$2:$AH$2001,Predictions!$B$2:$B$2001,A21,Predictions!$A$2:$A$2001,$B$2)) | D21: =IF(A21="","",SUMIFS(Predictions!$AI$2:$AI$2001,Predictions!$B$2:$B$2001,A21,Predictions!$A$2:$A$2001,$B$2)) | E21: =IF(A21="","",SUMIFS(Predictions!$AJ$2:$AJ$2001,Predictions!$B$2:$B$2001,A21,Predictions!$A$2:$A$2001,$B$2)) | F21: =IF(A21="","",SUMIFS(Predictions!$AK$2:$AK$2001,Predictions!$B$2:$B$2001,A21,Predictions!$A$2:$A$2001,$B$2)) | G21: =IF(A21="","",SUMIFS(Predictions!$AH$2:$AH$2001,Predictions!$B$2:$B$2001,A21)) | H21: =IF(A21="","",SUMIFS(Predictions!$AI$2:$AI$2001,Predictions!$B$2:$B$2001,A21)) | I21: =IF(A21="","",SUMIFS(Predictions!$AJ$2:$AJ$2001,Predictions!$B$2:$B$2001,A21)) | J21: =IF(A21="","",SUMIFS(Predictions!$AK$2:$AK$2001,Predictions!$B$2:$B$2001,A21)) | K21: =IF(OR(A21="",J21=0),"",I21/J21) | L21: =IF(A21="",-1,C21*10000+D21*100+E21+(1000-ROW())/100000) -> -1 | M21: =IF(A21="",-1,G21*10000+H21*100+I21+(1000-ROW())/100000) -> -1 | O21: =IF(LARGE($L$5:$L$204,17)<0,"",SUMPRODUCT(--(INT($L$5:$L$204)>INT(LARGE($L$5:$L$204,17))))+1) | P21: =IF(LARGE($L$5:$L$204,17)<0,"",INDEX($A$5:$A$204,MATCH(LARGE($L$5:$L$204,17),$L$5:$L$204,0))) | Q21: =IF(LARGE($L$5:$L$204,17)<0,"",INDEX($B$5:$B$204,MATCH(LARGE($L$5:$L$204,17),$L$5:$L$204,0))) | R21: =IF(LARGE($L$5:$L$204,17)<0,"",INDEX($C$5:$C$204,MATCH(LARGE($L$5:$L$204,17),$L$5:$L$204,0))) | S21: =IF(LARGE($L$5:$L$204,17)<0,"",INDEX($D$5:$D$204,MATCH(LARGE($L$5:$L$204,17),$L$5:$L$204,0))) | T21: =IF(LARGE($L$5:$L$204,17)<0,"",INDEX($E$5:$E$204,MATCH(LARGE($L$5:$L$204,17),$L$5:$L$204,0))) | U21: =IF(LARGE($L$5:$L$204,17)<0,"",INDEX($F$5:$F$204,MATCH(LARGE($L$5:$L$204,17),$L$5:$L$204,0))) | W21: =IF(LARGE($M$5:$M$204,17)<0,"",SUMPRODUCT(--(INT($M$5:$M$204)>INT(LARGE($M$5:$M$204,17))))+1) | X21: =IF(LARGE($M$5:$M$204,17)<0,"",INDEX($A$5:$A$204,MATCH(LARGE($M$5:$M$204,17),$M$5:$M$204,0))) | Y21: =IF(LARGE($M$5:$M$204,17)<0,"",INDEX($B$5:$B$204,MATCH(LARGE($M$5:$M$204,17),$M$5:$M$204,0))) | Z21: =IF(LARGE($M$5:$M$204,17)<0,"",INDEX($G$5:$G$204,MATCH(LARGE($M$5:$M$204,17),$M$5:$M$204,0))) | AA21: =IF(LARGE($M$5:$M$204,17)<0,"",INDEX($H$5:$H$204,MATCH(LARGE($M$5:$M$204,17),$M$5:$M$204,0))) | AB21: =IF(LARGE($M$5:$M$204,17)<0,"",INDEX($I$5:$I$204,MATCH(LARGE($M$5:$M$204,17),$M$5:$M$204,0))) | AC21: =IF(LARGE($M$5:$M$204,17)<0,"",INDEX($J$5:$J$204,MATCH(LARGE($M$5:$M$204,17),$M$5:$M$204,0)))
A22: =IF(Players!A19="","",Players!A19) | B22: =IF(A22="","",Players!B19) | C22: =IF(A22="","",SUMIFS(Predictions!$AH$2:$AH$2001,Predictions!$B$2:$B$2001,A22,Predictions!$A$2:$A$2001,$B$2)) | D22: =IF(A22="","",SUMIFS(Predictions!$AI$2:$AI$2001,Predictions!$B$2:$B$2001,A22,Predictions!$A$2:$A$2001,$B$2)) | E22: =IF(A22="","",SUMIFS(Predictions!$AJ$2:$AJ$2001,Predictions!$B$2:$B$2001,A22,Predictions!$A$2:$A$2001,$B$2)) | F22: =IF(A22="","",SUMIFS(Predictions!$AK$2:$AK$2001,Predictions!$B$2:$B$2001,A22,Predictions!$A$2:$A$2001,$B$2)) | G22: =IF(A22="","",SUMIFS(Predictions!$AH$2:$AH$2001,Predictions!$B$2:$B$2001,A22)) | H22: =IF(A22="","",SUMIFS(Predictions!$AI$2:$AI$2001,Predictions!$B$2:$B$2001,A22)) | I22: =IF(A22="","",SUMIFS(Predictions!$AJ$2:$AJ$2001,Predictions!$B$2:$B$2001,A22)) | J22: =IF(A22="","",SUMIFS(Predictions!$AK$2:$AK$2001,Predictions!$B$2:$B$2001,A22)) | K22: =IF(OR(A22="",J22=0),"",I22/J22) | L22: =IF(A22="",-1,C22*10000+D22*100+E22+(1000-ROW())/100000) -> -1 | M22: =IF(A22="",-1,G22*10000+H22*100+I22+(1000-ROW())/100000) -> -1 | O22: =IF(LARGE($L$5:$L$204,18)<0,"",SUMPRODUCT(--(INT($L$5:$L$204)>INT(LARGE($L$5:$L$204,18))))+1) | P22: =IF(LARGE($L$5:$L$204,18)<0,"",INDEX($A$5:$A$204,MATCH(LARGE($L$5:$L$204,18),$L$5:$L$204,0))) | Q22: =IF(LARGE($L$5:$L$204,18)<0,"",INDEX($B$5:$B$204,MATCH(LARGE($L$5:$L$204,18),$L$5:$L$204,0))) | R22: =IF(LARGE($L$5:$L$204,18)<0,"",INDEX($C$5:$C$204,MATCH(LARGE($L$5:$L$204,18),$L$5:$L$204,0))) | S22: =IF(LARGE($L$5:$L$204,18)<0,"",INDEX($D$5:$D$204,MATCH(LARGE($L$5:$L$204,18),$L$5:$L$204,0))) | T22: =IF(LARGE($L$5:$L$204,18)<0,"",INDEX($E$5:$E$204,MATCH(LARGE($L$5:$L$204,18),$L$5:$L$204,0))) | U22: =IF(LARGE($L$5:$L$204,18)<0,"",INDEX($F$5:$F$204,MATCH(LARGE($L$5:$L$204,18),$L$5:$L$204,0))) | W22: =IF(LARGE($M$5:$M$204,18)<0,"",SUMPRODUCT(--(INT($M$5:$M$204)>INT(LARGE($M$5:$M$204,18))))+1) | X22: =IF(LARGE($M$5:$M$204,18)<0,"",INDEX($A$5:$A$204,MATCH(LARGE($M$5:$M$204,18),$M$5:$M$204,0))) | Y22: =IF(LARGE($M$5:$M$204,18)<0,"",INDEX($B$5:$B$204,MATCH(LARGE($M$5:$M$204,18),$M$5:$M$204,0))) | Z22: =IF(LARGE($M$5:$M$204,18)<0,"",INDEX($G$5:$G$204,MATCH(LARGE($M$5:$M$204,18),$M$5:$M$204,0))) | AA22: =IF(LARGE($M$5:$M$204,18)<0,"",INDEX($H$5:$H$204,MATCH(LARGE($M$5:$M$204,18),$M$5:$M$204,0))) | AB22: =IF(LARGE($M$5:$M$204,18)<0,"",INDEX($I$5:$I$204,MATCH(LARGE($M$5:$M$204,18),$M$5:$M$204,0))) | AC22: =IF(LARGE($M$5:$M$204,18)<0,"",INDEX($J$5:$J$204,MATCH(LARGE($M$5:$M$204,18),$M$5:$M$204,0)))
A23: =IF(Players!A20="","",Players!A20) | B23: =IF(A23="","",Players!B20) | C23: =IF(A23="","",SUMIFS(Predictions!$AH$2:$AH$2001,Predictions!$B$2:$B$2001,A23,Predictions!$A$2:$A$2001,$B$2)) | D23: =IF(A23="","",SUMIFS(Predictions!$AI$2:$AI$2001,Predictions!$B$2:$B$2001,A23,Predictions!$A$2:$A$2001,$B$2)) | E23: =IF(A23="","",SUMIFS(Predictions!$AJ$2:$AJ$2001,Predictions!$B$2:$B$2001,A23,Predictions!$A$2:$A$2001,$B$2)) | F23: =IF(A23="","",SUMIFS(Predictions!$AK$2:$AK$2001,Predictions!$B$2:$B$2001,A23,Predictions!$A$2:$A$2001,$B$2)) | G23: =IF(A23="","",SUMIFS(Predictions!$AH$2:$AH$2001,Predictions!$B$2:$B$2001,A23)) | H23: =IF(A23="","",SUMIFS(Predictions!$AI$2:$AI$2001,Predictions!$B$2:$B$2001,A23)) | I23: =IF(A23="","",SUMIFS(Predictions!$AJ$2:$AJ$2001,Predictions!$B$2:$B$2001,A23)) | J23: =IF(A23="","",SUMIFS(Predictions!$AK$2:$AK$2001,Predictions!$B$2:$B$2001,A23)) | K23: =IF(OR(A23="",J23=0),"",I23/J23) | L23: =IF(A23="",-1,C23*10000+D23*100+E23+(1000-ROW())/100000) -> -1 | M23: =IF(A23="",-1,G23*10000+H23*100+I23+(1000-ROW())/100000) -> -1 | O23: =IF(LARGE($L$5:$L$204,19)<0,"",SUMPRODUCT(--(INT($L$5:$L$204)>INT(LARGE($L$5:$L$204,19))))+1) | P23: =IF(LARGE($L$5:$L$204,19)<0,"",INDEX($A$5:$A$204,MATCH(LARGE($L$5:$L$204,19),$L$5:$L$204,0))) | Q23: =IF(LARGE($L$5:$L$204,19)<0,"",INDEX($B$5:$B$204,MATCH(LARGE($L$5:$L$204,19),$L$5:$L$204,0))) | R23: =IF(LARGE($L$5:$L$204,19)<0,"",INDEX($C$5:$C$204,MATCH(LARGE($L$5:$L$204,19),$L$5:$L$204,0))) | S23: =IF(LARGE($L$5:$L$204,19)<0,"",INDEX($D$5:$D$204,MATCH(LARGE($L$5:$L$204,19),$L$5:$L$204,0))) | T23: =IF(LARGE($L$5:$L$204,19)<0,"",INDEX($E$5:$E$204,MATCH(LARGE($L$5:$L$204,19),$L$5:$L$204,0))) | U23: =IF(LARGE($L$5:$L$204,19)<0,"",INDEX($F$5:$F$204,MATCH(LARGE($L$5:$L$204,19),$L$5:$L$204,0))) | W23: =IF(LARGE($M$5:$M$204,19)<0,"",SUMPRODUCT(--(INT($M$5:$M$204)>INT(LARGE($M$5:$M$204,19))))+1) | X23: =IF(LARGE($M$5:$M$204,19)<0,"",INDEX($A$5:$A$204,MATCH(LARGE($M$5:$M$204,19),$M$5:$M$204,0))) | Y23: =IF(LARGE($M$5:$M$204,19)<0,"",INDEX($B$5:$B$204,MATCH(LARGE($M$5:$M$204,19),$M$5:$M$204,0))) | Z23: =IF(LARGE($M$5:$M$204,19)<0,"",INDEX($G$5:$G$204,MATCH(LARGE($M$5:$M$204,19),$M$5:$M$204,0))) | AA23: =IF(LARGE($M$5:$M$204,19)<0,"",INDEX($H$5:$H$204,MATCH(LARGE($M$5:$M$204,19),$M$5:$M$204,0))) | AB23: =IF(LARGE($M$5:$M$204,19)<0,"",INDEX($I$5:$I$204,MATCH(LARGE($M$5:$M$204,19),$M$5:$M$204,0))) | AC23: =IF(LARGE($M$5:$M$204,19)<0,"",INDEX($J$5:$J$204,MATCH(LARGE($M$5:$M$204,19),$M$5:$M$204,0)))
A24: =IF(Players!A21="","",Players!A21) | B24: =IF(A24="","",Players!B21) | C24: =IF(A24="","",SUMIFS(Predictions!$AH$2:$AH$2001,Predictions!$B$2:$B$2001,A24,Predictions!$A$2:$A$2001,$B$2)) | D24: =IF(A24="","",SUMIFS(Predictions!$AI$2:$AI$2001,Predictions!$B$2:$B$2001,A24,Predictions!$A$2:$A$2001,$B$2)) | E24: =IF(A24="","",SUMIFS(Predictions!$AJ$2:$AJ$2001,Predictions!$B$2:$B$2001,A24,Predictions!$A$2:$A$2001,$B$2)) | F24: =IF(A24="","",SUMIFS(Predictions!$AK$2:$AK$2001,Predictions!$B$2:$B$2001,A24,Predictions!$A$2:$A$2001,$B$2)) | G24: =IF(A24="","",SUMIFS(Predictions!$AH$2:$AH$2001,Predictions!$B$2:$B$2001,A24)) | H24: =IF(A24="","",SUMIFS(Predictions!$AI$2:$AI$2001,Predictions!$B$2:$B$2001,A24)) | I24: =IF(A24="","",SUMIFS(Predictions!$AJ$2:$AJ$2001,Predictions!$B$2:$B$2001,A24)) | J24: =IF(A24="","",SUMIFS(Predictions!$AK$2:$AK$2001,Predictions!$B$2:$B$2001,A24)) | K24: =IF(OR(A24="",J24=0),"",I24/J24) | L24: =IF(A24="",-1,C24*10000+D24*100+E24+(1000-ROW())/100000) -> -1 | M24: =IF(A24="",-1,G24*10000+H24*100+I24+(1000-ROW())/100000) -> -1 | O24: =IF(LARGE($L$5:$L$204,20)<0,"",SUMPRODUCT(--(INT($L$5:$L$204)>INT(LARGE($L$5:$L$204,20))))+1) | P24: =IF(LARGE($L$5:$L$204,20)<0,"",INDEX($A$5:$A$204,MATCH(LARGE($L$5:$L$204,20),$L$5:$L$204,0))) | Q24: =IF(LARGE($L$5:$L$204,20)<0,"",INDEX($B$5:$B$204,MATCH(LARGE($L$5:$L$204,20),$L$5:$L$204,0))) | R24: =IF(LARGE($L$5:$L$204,20)<0,"",INDEX($C$5:$C$204,MATCH(LARGE($L$5:$L$204,20),$L$5:$L$204,0))) | S24: =IF(LARGE($L$5:$L$204,20)<0,"",INDEX($D$5:$D$204,MATCH(LARGE($L$5:$L$204,20),$L$5:$L$204,0))) | T24: =IF(LARGE($L$5:$L$204,20)<0,"",INDEX($E$5:$E$204,MATCH(LARGE($L$5:$L$204,20),$L$5:$L$204,0))) | U24: =IF(LARGE($L$5:$L$204,20)<0,"",INDEX($F$5:$F$204,MATCH(LARGE($L$5:$L$204,20),$L$5:$L$204,0))) | W24: =IF(LARGE($M$5:$M$204,20)<0,"",SUMPRODUCT(--(INT($M$5:$M$204)>INT(LARGE($M$5:$M$204,20))))+1) | X24: =IF(LARGE($M$5:$M$204,20)<0,"",INDEX($A$5:$A$204,MATCH(LARGE($M$5:$M$204,20),$M$5:$M$204,0))) | Y24: =IF(LARGE($M$5:$M$204,20)<0,"",INDEX($B$5:$B$204,MATCH(LARGE($M$5:$M$204,20),$M$5:$M$204,0))) | Z24: =IF(LARGE($M$5:$M$204,20)<0,"",INDEX($G$5:$G$204,MATCH(LARGE($M$5:$M$204,20),$M$5:$M$204,0))) | AA24: =IF(LARGE($M$5:$M$204,20)<0,"",INDEX($H$5:$H$204,MATCH(LARGE($M$5:$M$204,20),$M$5:$M$204,0))) | AB24: =IF(LARGE($M$5:$M$204,20)<0,"",INDEX($I$5:$I$204,MATCH(LARGE($M$5:$M$204,20),$M$5:$M$204,0))) | AC24: =IF(LARGE($M$5:$M$204,20)<0,"",INDEX($J$5:$J$204,MATCH(LARGE($M$5:$M$204,20),$M$5:$M$204,0)))
